[26Dec2025 22:51:49.670] [main/INFO] [cpw.mods.modlauncher.Launcher/MODLAUNCHER]: ModLauncher running: args [--launchTarget, forge_server, nogui]
[26Dec2025 22:51:49.672] [main/INFO] [cpw.mods.modlauncher.Launcher/MODLAUNCHER]: JVM identified as Ubuntu OpenJDK 64-Bit Server VM 21.0.9+10-Ubuntu-124.04
[26Dec2025 22:51:49.672] [main/INFO] [cpw.mods.modlauncher.Launcher/MODLAUNCHER]: ModLauncher 10.2.4 starting: java version 21.0.9 by Ubuntu; OS Linux arch amd64 version 6.8.0-1030-azure
[26Dec2025 22:51:49.746] [main/DEBUG] [cpw.mods.modlauncher.LaunchServiceHandler/MODLAUNCHER]: Found launch services [minecraft,forge_userdev_server_gametest,forge_dev_client,forge_userdev_data,forge_dev_server_gametest,forge_dev_client_data,forge_userdev_server,forge_client,forge_server,forge_userdev_client_data,forge_userdev_client,forge_dev_data,forge_dev,testharness,forge_userdev,forge_dev_server]
[26Dec2025 22:51:49.752] [main/DEBUG] [cpw.mods.modlauncher.NameMappingServiceHandler/MODLAUNCHER]: Found naming services : [srgtomcp]
[26Dec2025 22:51:49.760] [main/DEBUG] [cpw.mods.modlauncher.LaunchPluginHandler/MODLAUNCHER]: Found launch plugins: [mixin,slf4jfixer,runtime_enum_extender,capability_token_subclass,accesstransformer,runtimedistcleaner]
[26Dec2025 22:51:49.766] [main/DEBUG] [cpw.mods.modlauncher.TransformationServicesHandler/MODLAUNCHER]: Discovering transformation services
[26Dec2025 22:51:49.768] [main/DEBUG] [net.minecraftforge.fml.loading.FMLPaths/CORE]: Path GAMEDIR is /workspaces/Server/servidor_minecraft
[26Dec2025 22:51:49.769] [main/DEBUG] [net.minecraftforge.fml.loading.FMLPaths/CORE]: Path MODSDIR is /workspaces/Server/servidor_minecraft/mods
[26Dec2025 22:51:49.769] [main/DEBUG] [net.minecraftforge.fml.loading.FMLPaths/CORE]: Path CONFIGDIR is /workspaces/Server/servidor_minecraft/config
[26Dec2025 22:51:49.769] [main/DEBUG] [net.minecraftforge.fml.loading.FMLPaths/CORE]: Path FMLCONFIG is /workspaces/Server/servidor_minecraft/config/fml.toml
[26Dec2025 22:51:49.809] [main/INFO] [net.minecraftforge.fml.loading.ImmediateWindowHandler/]: ImmediateWindowProvider not loading because launch target is forge_server
[26Dec2025 22:51:49.834] [main/DEBUG] [cpw.mods.modlauncher.TransformationServicesHandler/MODLAUNCHER]: Found transformer service: fml: /
[26Dec2025 22:51:49.835] [main/DEBUG] [cpw.mods.modlauncher.TransformationServicesHandler/MODLAUNCHER]: Found transformer service: forge: /
[26Dec2025 22:51:49.836] [main/DEBUG] [cpw.mods.modlauncher.TransformationServicesHandler/MODLAUNCHER]: Found transformer service: mixin: /
[26Dec2025 22:51:49.836] [main/DEBUG] [cpw.mods.modlauncher.TransformationServicesHandler/MODLAUNCHER]: Transformation services loading
[26Dec2025 22:51:49.837] [main/DEBUG] [cpw.mods.modlauncher.TransformationServiceDecorator/MODLAUNCHER]: Loading service mixin
[26Dec2025 22:51:49.837] [main/DEBUG] [cpw.mods.modlauncher.TransformationServiceDecorator/MODLAUNCHER]: Loaded service mixin
[26Dec2025 22:51:49.837] [main/DEBUG] [cpw.mods.modlauncher.TransformationServiceDecorator/MODLAUNCHER]: Loading service fml
[26Dec2025 22:51:49.846] [main/DEBUG] [net.minecraftforge.fml.loading.FMLLoader/CORE]: Detected version data : VersionInfo[forgeVersion=61.0.3, mcVersion=1.21.11, mcpVersion=20251209.095502, forgeGroup=net.minecraftforge]
[26Dec2025 22:51:49.847] [main/DEBUG] [net.minecraftforge.fml.loading.LauncherVersion/CORE]: Found FMLLauncher version 61.0.3
[26Dec2025 22:51:49.847] [main/DEBUG] [net.minecraftforge.fml.loading.FMLLoader/CORE]: FML 61.0.3 loading
[26Dec2025 22:51:49.847] [main/DEBUG] [net.minecraftforge.fml.loading.FMLLoader/CORE]: Found ModLauncher version: 10.2.4
[26Dec2025 22:51:49.848] [main/DEBUG] [net.minecraftforge.fml.loading.FMLLoader/CORE]: Found AccessTransformer version: 8.2.2
[26Dec2025 22:51:49.848] [main/DEBUG] [net.minecraftforge.fml.loading.FMLLoader/CORE]: Found RuntimeDistCleaner version: 61.0.3
[26Dec2025 22:51:49.849] [main/DEBUG] [net.minecraftforge.fml.loading.FMLLoader/CORE]: FML found CoreMod version : 5.2.6
[26Dec2025 22:51:49.849] [main/DEBUG] [net.minecraftforge.fml.loading.FMLLoader/CORE]: Found ForgeSPI version: 7.1.5
[26Dec2025 22:51:49.849] [main/DEBUG] [cpw.mods.modlauncher.TransformationServiceDecorator/MODLAUNCHER]: Loaded service fml
[26Dec2025 22:51:49.849] [main/DEBUG] [cpw.mods.modlauncher.TransformationServiceDecorator/MODLAUNCHER]: Loading service forge
[26Dec2025 22:51:49.849] [main/DEBUG] [cpw.mods.modlauncher.TransformationServiceDecorator/MODLAUNCHER]: Loaded service forge
[26Dec2025 22:51:49.850] [main/DEBUG] [cpw.mods.modlauncher.TransformationServicesHandler/MODLAUNCHER]: Configuring option handling for services
[26Dec2025 22:51:49.853] [main/DEBUG] [cpw.mods.modlauncher.TransformationServicesHandler/MODLAUNCHER]: Transformation services initializing
[26Dec2025 22:51:49.854] [main/DEBUG] [cpw.mods.modlauncher.TransformationServiceDecorator/MODLAUNCHER]: Initializing transformation service mixin
[26Dec2025 22:51:49.887] [main/DEBUG] [mixin/]: MixinService [ModLauncher] was successfully booted in SecureModuleClassLoader[SECURE-BOOTSTRAP]@306206744
[26Dec2025 22:51:49.990] [main/INFO] [mixin/]: SpongePowered MIXIN Subsystem Version=0.8.7 Source=jar:file:///workspaces/Server/servidor_minecraft/libraries/org/spongepowered/mixin/0.8.7/mixin-0.8.7.jar!/ Service=ModLauncher Env=SERVER
[26Dec2025 22:51:49.994] [main/DEBUG] [mixin/]: Initialising Mixin Platform Manager
[26Dec2025 22:51:49.994] [main/DEBUG] [mixin/]: Adding mixin platform agents for container ModLauncher Root Container(ModLauncher:4f56a0a2)
[26Dec2025 22:51:49.995] [main/DEBUG] [mixin/]: Instancing new MixinPlatformAgentMinecraftForge for ModLauncher Root Container(ModLauncher:4f56a0a2)
[26Dec2025 22:51:49.995] [main/DEBUG] [mixin/]: MixinPlatformAgentMinecraftForge rejected container ModLauncher Root Container(ModLauncher:4f56a0a2)
[26Dec2025 22:51:49.995] [main/DEBUG] [mixin/]: Instancing new MixinPlatformAgentDefault for ModLauncher Root Container(ModLauncher:4f56a0a2)
[26Dec2025 22:51:49.995] [main/DEBUG] [mixin/]: MixinPlatformAgentDefault accepted container ModLauncher Root Container(ModLauncher:4f56a0a2)
[26Dec2025 22:51:49.998] [main/DEBUG] [cpw.mods.modlauncher.TransformationServiceDecorator/MODLAUNCHER]: Initialized transformation service mixin
[26Dec2025 22:51:49.998] [main/DEBUG] [cpw.mods.modlauncher.TransformationServiceDecorator/MODLAUNCHER]: Initializing transformation service fml
[26Dec2025 22:51:49.998] [main/DEBUG] [net.minecraftforge.fml.loading.FMLServiceProvider/CORE]: Setting up basic FML game directories
[26Dec2025 22:51:49.999] [main/DEBUG] [net.minecraftforge.fml.loading.FMLPaths/CORE]: Path GAMEDIR is /workspaces/Server/servidor_minecraft
[26Dec2025 22:51:49.999] [main/DEBUG] [net.minecraftforge.fml.loading.FMLPaths/CORE]: Path MODSDIR is /workspaces/Server/servidor_minecraft/mods
[26Dec2025 22:51:49.999] [main/DEBUG] [net.minecraftforge.fml.loading.FMLPaths/CORE]: Path CONFIGDIR is /workspaces/Server/servidor_minecraft/config
[26Dec2025 22:51:49.999] [main/DEBUG] [net.minecraftforge.fml.loading.FMLPaths/CORE]: Path FMLCONFIG is /workspaces/Server/servidor_minecraft/config/fml.toml
[26Dec2025 22:51:49.999] [main/DEBUG] [net.minecraftforge.fml.loading.FMLServiceProvider/CORE]: Loading configuration
[26Dec2025 22:51:50.002] [main/DEBUG] [net.minecraftforge.fml.loading.FMLServiceProvider/CORE]: Preparing ModFile
[26Dec2025 22:51:50.004] [main/DEBUG] [net.minecraftforge.fml.loading.FMLServiceProvider/CORE]: Preparing launch handler
[26Dec2025 22:51:50.004] [main/DEBUG] [net.minecraftforge.fml.loading.FMLLoader/CORE]: Using forge_server as launch service
[26Dec2025 22:51:50.007] [main/DEBUG] [cpw.mods.modlauncher.TransformationServiceDecorator/MODLAUNCHER]: Initialized transformation service fml
[26Dec2025 22:51:50.007] [main/DEBUG] [cpw.mods.modlauncher.TransformationServiceDecorator/MODLAUNCHER]: Initializing transformation service forge
[26Dec2025 22:51:50.008] [main/DEBUG] [cpw.mods.modlauncher.TransformationServiceDecorator/MODLAUNCHER]: Initialized transformation service forge
[26Dec2025 22:51:50.008] [main/DEBUG] [cpw.mods.modlauncher.NameMappingServiceHandler/MODLAUNCHER]: Current naming domain is 'mcp'
[26Dec2025 22:51:50.008] [main/DEBUG] [cpw.mods.modlauncher.NameMappingServiceHandler/MODLAUNCHER]: Identified name mapping providers {srg=net.minecraftforge.fml.loading.MCPNamingService@42deb43a}
[26Dec2025 22:51:50.008] [main/DEBUG] [cpw.mods.modlauncher.TransformationServicesHandler/MODLAUNCHER]: Transformation services begin scanning
[26Dec2025 22:51:50.008] [main/DEBUG] [cpw.mods.modlauncher.TransformationServiceDecorator/MODLAUNCHER]: Beginning scan trigger - transformation service mixin
[26Dec2025 22:51:50.009] [main/DEBUG] [cpw.mods.modlauncher.TransformationServiceDecorator/MODLAUNCHER]: End scan trigger - transformation service mixin
[26Dec2025 22:51:50.009] [main/DEBUG] [cpw.mods.modlauncher.TransformationServiceDecorator/MODLAUNCHER]: Beginning scan trigger - transformation service fml
[26Dec2025 22:51:50.009] [main/DEBUG] [net.minecraftforge.fml.loading.FMLServiceProvider/CORE]: Initiating mod scan
[26Dec2025 22:51:50.023] [main/DEBUG] [net.minecraftforge.fml.loading.moddiscovery.ModDiscoverer/CORE]: Found Mod Locators : (mods folder:null),(minecraft:null),(classpath:null),(forge_dev_locator:null),(forge_userdev_locator:null)
[26Dec2025 22:51:50.024] [main/DEBUG] [net.minecraftforge.fml.loading.moddiscovery.ModDiscoverer/CORE]: Found Dependency Locators : (JarInJar:null)
[26Dec2025 22:51:50.083] [main/DEBUG] [net.minecraftforge.fml.loading.moddiscovery.ModFileInfo/LOADING]: Found valid mod file forge-1.21.11-61.0.3-server.jar with {minecraft} mods - versions {1.21.11}
[26Dec2025 22:51:50.120] [main/DEBUG] [net.minecraftforge.fml.loading.moddiscovery.JarInJarDependencyLocator/JAR-JAR]: Found JarJar Option: /workspaces/Server/servidor_minecraft/libraries/io/github/llamalad7/mixinextras-forge/0.5.0/mixinextras-forge-0.5.0.jar
[26Dec2025 22:51:50.191] [main/DEBUG] [net.minecraftforge.fml.loading.moddiscovery.ModFileParser/LOADING]: Considering mod file candidate /workspaces/Server/servidor_minecraft/libraries/net/minecraftforge/forge/1.21.11-61.0.3/forge-1.21.11-61.0.3-universal.jar
[26Dec2025 22:51:50.198] [main/DEBUG] [net.minecraftforge.fml.loading.moddiscovery.ModFileInfo/LOADING]: Found valid mod file forge-1.21.11-61.0.3-universal.jar with {forge} mods - versions {61.0.3}
[26Dec2025 22:51:50.207] [main/DEBUG] [net.minecraftforge.fml.loading.moddiscovery.JarInJarDependencyLocator/JAR-JAR]: Failed to load resource META-INF/jarjar/metadata.json from forge-1.21.11-61.0.3-server.jar, it does not contain dependency information.
[26Dec2025 22:51:50.213] [main/DEBUG] [net.minecraftforge.fml.loading.moddiscovery.JarInJarDependencyLocator/JAR-JAR]: Failed to load resource META-INF/jarjar/metadata.json from forge-1.21.11-61.0.3-universal.jar, it does not contain dependency information.
[26Dec2025 22:51:50.214] [main/DEBUG] [net.minecraftforge.fml.loading.moddiscovery.JarInJarDependencyLocator/JAR-JAR]: Failed to load resource META-INF/jarjar/metadata.json from javafmllanguage-1.21.11-61.0.3.jar, it does not contain dependency information.
[26Dec2025 22:51:50.214] [main/DEBUG] [net.minecraftforge.fml.loading.moddiscovery.JarInJarDependencyLocator/JAR-JAR]: Failed to load resource META-INF/jarjar/metadata.json from mclanguage-1.21.11-61.0.3.jar, it does not contain dependency information.
[26Dec2025 22:51:50.214] [main/DEBUG] [net.minecraftforge.fml.loading.moddiscovery.JarInJarDependencyLocator/JAR-JAR]: Failed to load resource META-INF/jarjar/metadata.json from lowcodelanguage-1.21.11-61.0.3.jar, it does not contain dependency information.
[26Dec2025 22:51:50.214] [main/DEBUG] [net.minecraftforge.fml.loading.moddiscovery.JarInJarDependencyLocator/JAR-JAR]: Failed to load resource META-INF/jarjar/metadata.json from fmlcore-1.21.11-61.0.3.jar, it does not contain dependency information.
[26Dec2025 22:51:50.214] [main/INFO] [net.minecraftforge.fml.loading.moddiscovery.JarInJarDependencyLocator/]: No dependencies to load found. Skipping!
[26Dec2025 22:51:50.217] [main/DEBUG] [net.minecraftforge.fml.loading.moddiscovery.ModFile/LOADING]: Loading mod file forge-1.21.11-61.0.3-server.jar with languages [LanguageSpec[languageName=minecraft, acceptedVersions=1]]
[26Dec2025 22:51:50.218] [main/DEBUG] [net.minecraftforge.fml.loading.moddiscovery.ModFile/LOADING]: Loading mod file forge-1.21.11-61.0.3-universal.jar with languages [LanguageSpec[languageName=javafml, acceptedVersions=[24,]]]
[26Dec2025 22:51:50.219] [main/DEBUG] [cpw.mods.modlauncher.TransformationServiceDecorator/MODLAUNCHER]: End scan trigger - transformation service fml
[26Dec2025 22:51:50.219] [main/DEBUG] [cpw.mods.modlauncher.TransformationServiceDecorator/MODLAUNCHER]: Beginning scan trigger - transformation service forge
[26Dec2025 22:51:50.219] [main/DEBUG] [cpw.mods.modlauncher.TransformationServiceDecorator/MODLAUNCHER]: End scan trigger - transformation service forge
[26Dec2025 22:51:50.238] [main/DEBUG] [net.minecraftforge.fml.loading.LanguageLoadingProvider/CORE]: Found 3 language providers
[26Dec2025 22:51:50.239] [main/DEBUG] [net.minecraftforge.fml.loading.LanguageLoadingProvider/CORE]: Found language provider lowcodefml, version 61
[26Dec2025 22:51:50.239] [main/DEBUG] [net.minecraftforge.fml.loading.LanguageLoadingProvider/CORE]: Found language provider minecraft, version 1.0
[26Dec2025 22:51:50.239] [main/DEBUG] [net.minecraftforge.fml.loading.LanguageLoadingProvider/CORE]: Found language provider javafml, version 61.0.3
[26Dec2025 22:51:50.242] [main/DEBUG] [net.minecraftforge.fml.loading.ModSorter/]: Configured system mods: [minecraft, forge]
[26Dec2025 22:51:50.243] [main/DEBUG] [net.minecraftforge.fml.loading.ModSorter/]: Found system mod: minecraft
[26Dec2025 22:51:50.243] [main/DEBUG] [net.minecraftforge.fml.loading.ModSorter/]: Found system mod: forge
[26Dec2025 22:51:50.243] [main/DEBUG] [net.minecraftforge.fml.loading.ModSorter/LOADING]: Found 0 mod requirements (0 mandatory, 0 optional)
[26Dec2025 22:51:50.243] [main/DEBUG] [net.minecraftforge.fml.loading.ModSorter/LOADING]: Found 0 mod requirements missing (0 mandatory, 0 optional)
[26Dec2025 22:51:50.355] [main/DEBUG] [net.minecraftforge.fml.loading.MCPNamingService/CORE]: Loaded 43763 method mappings from methods.csv
[26Dec2025 22:51:50.404] [main/DEBUG] [net.minecraftforge.fml.loading.MCPNamingService/CORE]: Loaded 42782 field mappings from fields.csv
[26Dec2025 22:51:50.428] [main/DEBUG] [cpw.mods.modlauncher.TransformationServicesHandler/MODLAUNCHER]: Transformation services loading transformers
[26Dec2025 22:51:50.428] [main/DEBUG] [cpw.mods.modlauncher.TransformationServiceDecorator/MODLAUNCHER]: Initializing transformers for transformation service mixin
[26Dec2025 22:51:50.429] [main/DEBUG] [cpw.mods.modlauncher.TransformationServiceDecorator/MODLAUNCHER]: Initialized transformers for transformation service mixin
[26Dec2025 22:51:50.429] [main/DEBUG] [cpw.mods.modlauncher.TransformationServiceDecorator/MODLAUNCHER]: Initializing transformers for transformation service fml
[26Dec2025 22:51:50.429] [main/DEBUG] [net.minecraftforge.fml.loading.FMLServiceProvider/CORE]: Loading coremod transformers
[26Dec2025 22:51:50.470] [main/DEBUG] [cpw.mods.modlauncher.TransformationServiceDecorator/MODLAUNCHER]: Initialized transformers for transformation service fml
[26Dec2025 22:51:50.470] [main/DEBUG] [cpw.mods.modlauncher.TransformationServiceDecorator/MODLAUNCHER]: Initializing transformers for transformation service forge
[26Dec2025 22:51:50.477] [main/DEBUG] [cpw.mods.modlauncher.TransformStore/MODLAUNCHER]: Adding transformer FieldToMethodTransformer[className=net.minecraft.world.effect.MobEffectInstance, fields={effect=getEffect}] to Target : CLASS {Lnet/minecraft/world/effect/MobEffectInstance;} {} {V}
[26Dec2025 22:51:50.478] [main/DEBUG] [cpw.mods.modlauncher.TransformStore/MODLAUNCHER]: Adding transformer FieldToMethodTransformer[className=net.minecraft.world.item.BucketItem, fields={content=getFluid}] to Target : CLASS {Lnet/minecraft/world/item/BucketItem;} {} {V}
[26Dec2025 22:51:50.478] [main/DEBUG] [cpw.mods.modlauncher.TransformStore/MODLAUNCHER]: Adding transformer FieldToMethodTransformer[className=net.minecraft.world.level.biome.Biome, fields={climateSettings=getModifiedClimateSettings, specialEffects=getModifiedSpecialEffects}] to Target : CLASS {Lnet/minecraft/world/level/biome/Biome;} {} {V}
[26Dec2025 22:51:50.478] [main/DEBUG] [cpw.mods.modlauncher.TransformStore/MODLAUNCHER]: Adding transformer FieldToMethodTransformer[className=net.minecraft.world.level.block.FlowerPotBlock, fields={potted=getPotted}] to Target : CLASS {Lnet/minecraft/world/level/block/FlowerPotBlock;} {} {V}
[26Dec2025 22:51:50.478] [main/DEBUG] [cpw.mods.modlauncher.TransformStore/MODLAUNCHER]: Adding transformer FieldToMethodTransformer[className=net.minecraft.world.level.block.LiquidBlock, fields={fluid=getFluid}] to Target : CLASS {Lnet/minecraft/world/level/block/LiquidBlock;} {} {V}
[26Dec2025 22:51:50.481] [main/DEBUG] [cpw.mods.modlauncher.TransformStore/MODLAUNCHER]: Adding transformer MethodRedirector[] to Target : CLASS {Lnet/minecraft/world/entity/animal/frog/Tadpole;} {} {V}
[26Dec2025 22:51:50.481] [main/DEBUG] [cpw.mods.modlauncher.TransformStore/MODLAUNCHER]: Adding transformer MethodRedirector[] to Target : CLASS {Lnet/minecraft/world/entity/animal/equine/SkeletonTrapGoal;} {} {V}
[26Dec2025 22:51:50.481] [main/DEBUG] [cpw.mods.modlauncher.TransformStore/MODLAUNCHER]: Adding transformer MethodRedirector[] to Target : CLASS {Lnet/minecraft/world/entity/npc/CatSpawner;} {} {V}
[26Dec2025 22:51:50.482] [main/DEBUG] [cpw.mods.modlauncher.TransformStore/MODLAUNCHER]: Adding transformer MethodRedirector[] to Target : CLASS {Lnet/minecraft/world/level/levelgen/PatrolSpawner;} {} {V}
[26Dec2025 22:51:50.482] [main/DEBUG] [cpw.mods.modlauncher.TransformStore/MODLAUNCHER]: Adding transformer MethodRedirector[] to Target : CLASS {Lnet/minecraft/server/commands/RaidCommand;} {} {V}
[26Dec2025 22:51:50.482] [main/DEBUG] [cpw.mods.modlauncher.TransformStore/MODLAUNCHER]: Adding transformer MethodRedirector[] to Target : CLASS {Lnet/minecraft/world/level/block/entity/trialspawner/TrialSpawner;} {} {V}
[26Dec2025 22:51:50.482] [main/DEBUG] [cpw.mods.modlauncher.TransformStore/MODLAUNCHER]: Adding transformer MethodRedirector[] to Target : CLASS {Lnet/minecraft/world/level/levelgen/PhantomSpawner;} {} {V}
[26Dec2025 22:51:50.482] [main/DEBUG] [cpw.mods.modlauncher.TransformStore/MODLAUNCHER]: Adding transformer MethodRedirector[] to Target : CLASS {Lnet/minecraft/world/entity/npc/villager/Villager;} {} {V}
[26Dec2025 22:51:50.482] [main/DEBUG] [cpw.mods.modlauncher.TransformStore/MODLAUNCHER]: Adding transformer MethodRedirector[] to Target : CLASS {Lnet/minecraft/world/entity/monster/zombie/ZombieVillager;} {} {V}
[26Dec2025 22:51:50.482] [main/DEBUG] [cpw.mods.modlauncher.TransformStore/MODLAUNCHER]: Adding transformer MethodRedirector[] to Target : CLASS {Lnet/minecraft/world/entity/monster/Strider;} {} {V}
[26Dec2025 22:51:50.483] [main/DEBUG] [cpw.mods.modlauncher.TransformStore/MODLAUNCHER]: Adding transformer MethodRedirector[] to Target : CLASS {Lnet/minecraft/world/level/NaturalSpawner;} {} {V}
[26Dec2025 22:51:50.483] [main/DEBUG] [cpw.mods.modlauncher.TransformStore/MODLAUNCHER]: Adding transformer MethodRedirector[] to Target : CLASS {Lnet/minecraft/world/level/levelgen/structure/structures/OceanRuinPieces$OceanRuinPiece;} {} {V}
[26Dec2025 22:51:50.483] [main/DEBUG] [cpw.mods.modlauncher.TransformStore/MODLAUNCHER]: Adding transformer MethodRedirector[] to Target : CLASS {Lnet/minecraft/world/entity/ai/village/VillageSiege;} {} {V}
[26Dec2025 22:51:50.483] [main/DEBUG] [cpw.mods.modlauncher.TransformStore/MODLAUNCHER]: Adding transformer MethodRedirector[] to Target : CLASS {Lnet/minecraft/world/level/levelgen/structure/structures/OceanMonumentPieces$OceanMonumentPiece;} {} {V}
[26Dec2025 22:51:50.483] [main/DEBUG] [cpw.mods.modlauncher.TransformStore/MODLAUNCHER]: Adding transformer MethodRedirector[] to Target : CLASS {Lnet/minecraft/world/entity/EntityType;} {} {V}
[26Dec2025 22:51:50.483] [main/DEBUG] [cpw.mods.modlauncher.TransformStore/MODLAUNCHER]: Adding transformer MethodRedirector[] to Target : CLASS {Lnet/minecraft/world/entity/animal/equine/ZombieHorse;} {} {V}
[26Dec2025 22:51:50.483] [main/DEBUG] [cpw.mods.modlauncher.TransformStore/MODLAUNCHER]: Adding transformer MethodRedirector[] to Target : CLASS {Lnet/minecraft/world/entity/raid/Raid;} {} {V}
[26Dec2025 22:51:50.483] [main/DEBUG] [cpw.mods.modlauncher.TransformStore/MODLAUNCHER]: Adding transformer MethodRedirector[] to Target : CLASS {Lnet/minecraft/world/level/levelgen/structure/structures/SwampHutPiece;} {} {V}
[26Dec2025 22:51:50.483] [main/DEBUG] [cpw.mods.modlauncher.TransformStore/MODLAUNCHER]: Adding transformer MethodRedirector[] to Target : CLASS {Lnet/minecraft/world/level/levelgen/structure/structures/WoodlandMansionPieces$WoodlandMansionPiece;} {} {V}
[26Dec2025 22:51:50.484] [main/DEBUG] [cpw.mods.modlauncher.TransformStore/MODLAUNCHER]: Adding transformer MethodRedirector[] to Target : CLASS {Lnet/minecraft/world/entity/monster/zombie/Zombie;} {} {V}
[26Dec2025 22:51:50.484] [main/DEBUG] [cpw.mods.modlauncher.TransformStore/MODLAUNCHER]: Adding transformer MethodRedirector[] to Target : CLASS {Lnet/minecraft/world/entity/monster/zombie/Husk;} {} {V}
[26Dec2025 22:51:50.484] [main/DEBUG] [cpw.mods.modlauncher.TransformStore/MODLAUNCHER]: Adding transformer MethodRedirector[] to Target : CLASS {Lnet/minecraft/world/entity/monster/zombie/Drowned;} {} {V}
[26Dec2025 22:51:50.484] [main/DEBUG] [cpw.mods.modlauncher.TransformStore/MODLAUNCHER]: Adding transformer MethodRedirector[] to Target : CLASS {Lnet/minecraft/server/commands/SummonCommand;} {} {V}
[26Dec2025 22:51:50.484] [main/DEBUG] [cpw.mods.modlauncher.TransformStore/MODLAUNCHER]: Adding transformer MethodRedirector[] to Target : CLASS {Lnet/minecraft/gametest/framework/GameTestHelper;} {} {V}
[26Dec2025 22:51:50.484] [main/DEBUG] [cpw.mods.modlauncher.TransformStore/MODLAUNCHER]: Adding transformer MethodRedirector[] to Target : CLASS {Lnet/minecraft/world/level/levelgen/structure/templatesystem/StructureTemplate;} {} {V}
[26Dec2025 22:51:50.484] [main/DEBUG] [cpw.mods.modlauncher.TransformStore/MODLAUNCHER]: Adding transformer MethodRedirector[] to Target : CLASS {Lnet/minecraft/world/entity/monster/spider/Spider;} {} {V}
[26Dec2025 22:51:50.484] [main/DEBUG] [cpw.mods.modlauncher.TransformStore/MODLAUNCHER]: Adding transformer MethodRedirector[] to Target : CLASS {Lnet/minecraft/world/entity/monster/illager/Evoker$EvokerSummonSpellGoal;} {} {V}
[26Dec2025 22:51:50.484] [main/DEBUG] [cpw.mods.modlauncher.TransformationServiceDecorator/MODLAUNCHER]: Initialized transformers for transformation service forge
[26Dec2025 22:51:50.546] [main/DEBUG] [mixin/]: Processing prepare() for PlatformAgent[MixinPlatformAgentDefault:ModLauncher Root Container(ModLauncher:4f56a0a2)]
[26Dec2025 22:51:50.546] [main/DEBUG] [mixin/]: Processing launch tasks for PlatformAgent[MixinPlatformAgentDefault:ModLauncher Root Container(ModLauncher:4f56a0a2)]
[26Dec2025 22:51:50.546] [main/DEBUG] [mixin/]: Adding mixin platform agents for container SecureJarResource(mixin.synthetic)
[26Dec2025 22:51:50.546] [main/DEBUG] [mixin/]: Instancing new MixinPlatformAgentMinecraftForge for SecureJarResource(mixin.synthetic)
[26Dec2025 22:51:50.546] [main/DEBUG] [mixin/]: MixinPlatformAgentMinecraftForge rejected container SecureJarResource(mixin.synthetic)
[26Dec2025 22:51:50.546] [main/DEBUG] [mixin/]: Instancing new MixinPlatformAgentDefault for SecureJarResource(mixin.synthetic)
[26Dec2025 22:51:50.547] [main/DEBUG] [mixin/]: MixinPlatformAgentDefault accepted container SecureJarResource(mixin.synthetic)
[26Dec2025 22:51:50.547] [main/DEBUG] [mixin/]: Processing prepare() for PlatformAgent[MixinPlatformAgentDefault:SecureJarResource(mixin.synthetic)]
[26Dec2025 22:51:50.547] [main/DEBUG] [mixin/]: Adding mixin platform agents for container SecureJarResource(minecraft)
[26Dec2025 22:51:50.547] [main/DEBUG] [mixin/]: Instancing new MixinPlatformAgentMinecraftForge for SecureJarResource(minecraft)
[26Dec2025 22:51:50.547] [main/DEBUG] [mixin/]: MixinPlatformAgentMinecraftForge rejected container SecureJarResource(minecraft)
[26Dec2025 22:51:50.547] [main/DEBUG] [mixin/]: Instancing new MixinPlatformAgentDefault for SecureJarResource(minecraft)
[26Dec2025 22:51:50.547] [main/DEBUG] [mixin/]: MixinPlatformAgentDefault accepted container SecureJarResource(minecraft)
[26Dec2025 22:51:50.547] [main/DEBUG] [mixin/]: Processing prepare() for PlatformAgent[MixinPlatformAgentDefault:SecureJarResource(minecraft)]
[26Dec2025 22:51:50.547] [main/DEBUG] [mixin/]: Adding mixin platform agents for container SecureJarResource(net.minecraftforge.forge)
[26Dec2025 22:51:50.548] [main/DEBUG] [mixin/]: Instancing new MixinPlatformAgentMinecraftForge for SecureJarResource(net.minecraftforge.forge)
[26Dec2025 22:51:50.548] [main/DEBUG] [mixin/]: MixinPlatformAgentMinecraftForge rejected container SecureJarResource(net.minecraftforge.forge)
[26Dec2025 22:51:50.548] [main/DEBUG] [mixin/]: Instancing new MixinPlatformAgentDefault for SecureJarResource(net.minecraftforge.forge)
[26Dec2025 22:51:50.548] [main/DEBUG] [mixin/]: MixinPlatformAgentDefault accepted container SecureJarResource(net.minecraftforge.forge)
[26Dec2025 22:51:50.548] [main/DEBUG] [mixin/]: Processing prepare() for PlatformAgent[MixinPlatformAgentDefault:SecureJarResource(net.minecraftforge.forge)]
[26Dec2025 22:51:50.548] [main/DEBUG] [mixin/]: inject() running with 4 agents
[26Dec2025 22:51:50.548] [main/DEBUG] [mixin/]: Processing inject() for PlatformAgent[MixinPlatformAgentDefault:ModLauncher Root Container(ModLauncher:4f56a0a2)]
[26Dec2025 22:51:50.548] [main/DEBUG] [mixin/]: Processing inject() for PlatformAgent[MixinPlatformAgentDefault:SecureJarResource(mixin.synthetic)]
[26Dec2025 22:51:50.548] [main/DEBUG] [mixin/]: Processing inject() for PlatformAgent[MixinPlatformAgentDefault:SecureJarResource(minecraft)]
[26Dec2025 22:51:50.548] [main/DEBUG] [mixin/]: Processing inject() for PlatformAgent[MixinPlatformAgentDefault:SecureJarResource(net.minecraftforge.forge)]
[26Dec2025 22:51:50.549] [main/INFO] [cpw.mods.modlauncher.LaunchServiceHandler/MODLAUNCHER]: Launching target 'forge_server' with arguments [nogui]
[26Dec2025 22:51:50.579] [main/DEBUG] [mixin/]: Preparing mixins for MixinEnvironment[DEFAULT]
[26Dec2025 22:51:50.984] [main/DEBUG] [io.netty.util.internal.logging.InternalLoggerFactory/]: Using SLF4J as the default logging framework
[26Dec2025 22:51:50.986] [main/DEBUG] [io.netty.util.ResourceLeakDetector/]: -Dio.netty.leakDetection.level: simple
[26Dec2025 22:51:50.986] [main/DEBUG] [io.netty.util.ResourceLeakDetector/]: -Dio.netty.leakDetection.targetRecords: 4
[26Dec2025 22:51:51.612] [main/DEBUG] [oshi.util.FileUtil/]: Reading file /proc/self/auxv
[26Dec2025 22:51:51.613] [main/DEBUG] [oshi.util.FileUtil/]: Reading file /proc/self/auxv
[26Dec2025 22:51:51.617] [main/DEBUG] [oshi.util.FileUtil/]: Reading file /proc/stat
[26Dec2025 22:51:51.621] [main/DEBUG] [oshi.util.FileUtil/]: Reading file /sys/devices/system/cpu/cpu0/topology/core_id
[26Dec2025 22:51:51.622] [main/DEBUG] [oshi.util.FileUtil/]: Reading file /sys/devices/system/cpu/cpu0/topology/core_id
[26Dec2025 22:51:51.622] [main/DEBUG] [oshi.util.FileUtil/]: Reading file /sys/devices/system/cpu/cpu0/topology/physical_package_id
[26Dec2025 22:51:51.622] [main/DEBUG] [oshi.util.FileUtil/]: Reading file /sys/devices/system/cpu/cpu0/topology/physical_package_id
[26Dec2025 22:51:51.623] [main/DEBUG] [oshi.util.FileUtil/]: Reading file /sys/devices/system/cpu/cpu0/cpu_capacity
[26Dec2025 22:51:51.624] [main/DEBUG] [oshi.util.FileUtil/]: Reading file /sys/devices/system/cpu/cpu0/cache/index2/level
[26Dec2025 22:51:51.624] [main/DEBUG] [oshi.util.FileUtil/]: Reading file /sys/devices/system/cpu/cpu0/cache/index2/level
[26Dec2025 22:51:51.625] [main/DEBUG] [oshi.util.FileUtil/]: Reading file /sys/devices/system/cpu/cpu0/cache/index2/type
[26Dec2025 22:51:51.625] [main/DEBUG] [oshi.util.FileUtil/]: Reading file /sys/devices/system/cpu/cpu0/cache/index2/type
[26Dec2025 22:51:51.625] [main/DEBUG] [oshi.util.FileUtil/]: Reading file /sys/devices/system/cpu/cpu0/cache/index2/ways_of_associativity
[26Dec2025 22:51:51.626] [main/DEBUG] [oshi.util.FileUtil/]: Reading file /sys/devices/system/cpu/cpu0/cache/index2/ways_of_associativity
[26Dec2025 22:51:51.626] [main/DEBUG] [oshi.util.FileUtil/]: Reading file /sys/devices/system/cpu/cpu0/cache/index2/coherency_line_size
[26Dec2025 22:51:51.626] [main/DEBUG] [oshi.util.FileUtil/]: Reading file /sys/devices/system/cpu/cpu0/cache/index2/coherency_line_size
[26Dec2025 22:51:51.626] [main/DEBUG] [oshi.util.FileUtil/]: Reading file /sys/devices/system/cpu/cpu0/cache/index2/size
[26Dec2025 22:51:51.626] [main/DEBUG] [oshi.util.FileUtil/]: Reading file /sys/devices/system/cpu/cpu0/cache/index2/size
[26Dec2025 22:51:51.627] [main/DEBUG] [oshi.util.FileUtil/]: Reading file /sys/devices/system/cpu/cpu0/cache/index0/level
[26Dec2025 22:51:51.627] [main/DEBUG] [oshi.util.FileUtil/]: Reading file /sys/devices/system/cpu/cpu0/cache/index0/level
[26Dec2025 22:51:51.627] [main/DEBUG] [oshi.util.FileUtil/]: Reading file /sys/devices/system/cpu/cpu0/cache/index0/type
[26Dec2025 22:51:51.627] [main/DEBUG] [oshi.util.FileUtil/]: Reading file /sys/devices/system/cpu/cpu0/cache/index0/type
[26Dec2025 22:51:51.627] [main/DEBUG] [oshi.util.FileUtil/]: Reading file /sys/devices/system/cpu/cpu0/cache/index0/ways_of_associativity
[26Dec2025 22:51:51.627] [main/DEBUG] [oshi.util.FileUtil/]: Reading file /sys/devices/system/cpu/cpu0/cache/index0/ways_of_associativity
[26Dec2025 22:51:51.628] [main/DEBUG] [oshi.util.FileUtil/]: Reading file /sys/devices/system/cpu/cpu0/cache/index0/coherency_line_size
[26Dec2025 22:51:51.628] [main/DEBUG] [oshi.util.FileUtil/]: Reading file /sys/devices/system/cpu/cpu0/cache/index0/coherency_line_size
[26Dec2025 22:51:51.628] [main/DEBUG] [oshi.util.FileUtil/]: Reading file /sys/devices/system/cpu/cpu0/cache/index0/size
[26Dec2025 22:51:51.628] [main/DEBUG] [oshi.util.FileUtil/]: Reading file /sys/devices/system/cpu/cpu0/cache/index0/size
[26Dec2025 22:51:51.628] [main/DEBUG] [oshi.util.FileUtil/]: Reading file /sys/devices/system/cpu/cpu0/cache/index3/level
[26Dec2025 22:51:51.628] [main/DEBUG] [oshi.util.FileUtil/]: Reading file /sys/devices/system/cpu/cpu0/cache/index3/level
[26Dec2025 22:51:51.628] [main/DEBUG] [oshi.util.FileUtil/]: Reading file /sys/devices/system/cpu/cpu0/cache/index3/type
[26Dec2025 22:51:51.629] [main/DEBUG] [oshi.util.FileUtil/]: Reading file /sys/devices/system/cpu/cpu0/cache/index3/type
[26Dec2025 22:51:51.629] [main/DEBUG] [oshi.util.FileUtil/]: Reading file /sys/devices/system/cpu/cpu0/cache/index3/ways_of_associativity
[26Dec2025 22:51:51.629] [main/DEBUG] [oshi.util.FileUtil/]: Reading file /sys/devices/system/cpu/cpu0/cache/index3/ways_of_associativity
[26Dec2025 22:51:51.629] [main/DEBUG] [oshi.util.FileUtil/]: Reading file /sys/devices/system/cpu/cpu0/cache/index3/coherency_line_size
[26Dec2025 22:51:51.629] [main/DEBUG] [oshi.util.FileUtil/]: Reading file /sys/devices/system/cpu/cpu0/cache/index3/coherency_line_size
[26Dec2025 22:51:51.630] [main/DEBUG] [oshi.util.FileUtil/]: Reading file /sys/devices/system/cpu/cpu0/cache/index3/size
[26Dec2025 22:51:51.630] [main/DEBUG] [oshi.util.FileUtil/]: Reading file /sys/devices/system/cpu/cpu0/cache/index3/size
[26Dec2025 22:51:51.630] [main/DEBUG] [oshi.util.FileUtil/]: Reading file /sys/devices/system/cpu/cpu0/cache/index1/level
[26Dec2025 22:51:51.630] [main/DEBUG] [oshi.util.FileUtil/]: Reading file /sys/devices/system/cpu/cpu0/cache/index1/level
[26Dec2025 22:51:51.630] [main/DEBUG] [oshi.util.FileUtil/]: Reading file /sys/devices/system/cpu/cpu0/cache/index1/type
[26Dec2025 22:51:51.630] [main/DEBUG] [oshi.util.FileUtil/]: Reading file /sys/devices/system/cpu/cpu0/cache/index1/type
[26Dec2025 22:51:51.630] [main/DEBUG] [oshi.util.FileUtil/]: Reading file /sys/devices/system/cpu/cpu0/cache/index1/ways_of_associativity
[26Dec2025 22:51:51.630] [main/DEBUG] [oshi.util.FileUtil/]: Reading file /sys/devices/system/cpu/cpu0/cache/index1/ways_of_associativity
[26Dec2025 22:51:51.630] [main/DEBUG] [oshi.util.FileUtil/]: Reading file /sys/devices/system/cpu/cpu0/cache/index1/coherency_line_size
[26Dec2025 22:51:51.631] [main/DEBUG] [oshi.util.FileUtil/]: Reading file /sys/devices/system/cpu/cpu0/cache/index1/coherency_line_size
[26Dec2025 22:51:51.631] [main/DEBUG] [oshi.util.FileUtil/]: Reading file /sys/devices/system/cpu/cpu0/cache/index1/size
[26Dec2025 22:51:51.631] [main/DEBUG] [oshi.util.FileUtil/]: Reading file /sys/devices/system/cpu/cpu0/cache/index1/size
[26Dec2025 22:51:51.632] [main/DEBUG] [oshi.util.FileUtil/]: Reading file /sys/devices/system/cpu/cpu1/topology/core_id
[26Dec2025 22:51:51.632] [main/DEBUG] [oshi.util.FileUtil/]: Reading file /sys/devices/system/cpu/cpu1/topology/core_id
[26Dec2025 22:51:51.632] [main/DEBUG] [oshi.util.FileUtil/]: Reading file /sys/devices/system/cpu/cpu1/topology/physical_package_id
[26Dec2025 22:51:51.632] [main/DEBUG] [oshi.util.FileUtil/]: Reading file /sys/devices/system/cpu/cpu1/topology/physical_package_id
[26Dec2025 22:51:51.632] [main/DEBUG] [oshi.util.FileUtil/]: Reading file /sys/devices/system/cpu/cpu1/cpu_capacity
[26Dec2025 22:51:51.632] [main/DEBUG] [oshi.util.FileUtil/]: Reading file /sys/devices/system/cpu/cpu1/cache/index2/level
[26Dec2025 22:51:51.633] [main/DEBUG] [oshi.util.FileUtil/]: Reading file /sys/devices/system/cpu/cpu1/cache/index2/level
[26Dec2025 22:51:51.633] [main/DEBUG] [oshi.util.FileUtil/]: Reading file /sys/devices/system/cpu/cpu1/cache/index2/type
[26Dec2025 22:51:51.633] [main/DEBUG] [oshi.util.FileUtil/]: Reading file /sys/devices/system/cpu/cpu1/cache/index2/type
[26Dec2025 22:51:51.633] [main/DEBUG] [oshi.util.FileUtil/]: Reading file /sys/devices/system/cpu/cpu1/cache/index2/ways_of_associativity
[26Dec2025 22:51:51.633] [main/DEBUG] [oshi.util.FileUtil/]: Reading file /sys/devices/system/cpu/cpu1/cache/index2/ways_of_associativity
[26Dec2025 22:51:51.633] [main/DEBUG] [oshi.util.FileUtil/]: Reading file /sys/devices/system/cpu/cpu1/cache/index2/coherency_line_size
[26Dec2025 22:51:51.633] [main/DEBUG] [oshi.util.FileUtil/]: Reading file /sys/devices/system/cpu/cpu1/cache/index2/coherency_line_size
[26Dec2025 22:51:51.633] [main/DEBUG] [oshi.util.FileUtil/]: Reading file /sys/devices/system/cpu/cpu1/cache/index2/size
[26Dec2025 22:51:51.634] [main/DEBUG] [oshi.util.FileUtil/]: Reading file /sys/devices/system/cpu/cpu1/cache/index2/size
[26Dec2025 22:51:51.634] [main/DEBUG] [oshi.util.FileUtil/]: Reading file /sys/devices/system/cpu/cpu1/cache/index0/level
[26Dec2025 22:51:51.634] [main/DEBUG] [oshi.util.FileUtil/]: Reading file /sys/devices/system/cpu/cpu1/cache/index0/level
[26Dec2025 22:51:51.634] [main/DEBUG] [oshi.util.FileUtil/]: Reading file /sys/devices/system/cpu/cpu1/cache/index0/type
[26Dec2025 22:51:51.634] [main/DEBUG] [oshi.util.FileUtil/]: Reading file /sys/devices/system/cpu/cpu1/cache/index0/type
[26Dec2025 22:51:51.635] [main/DEBUG] [oshi.util.FileUtil/]: Reading file /sys/devices/system/cpu/cpu1/cache/index0/ways_of_associativity
[26Dec2025 22:51:51.635] [main/DEBUG] [oshi.util.FileUtil/]: Reading file /sys/devices/system/cpu/cpu1/cache/index0/ways_of_associativity
[26Dec2025 22:51:51.635] [main/DEBUG] [oshi.util.FileUtil/]: Reading file /sys/devices/system/cpu/cpu1/cache/index0/coherency_line_size
[26Dec2025 22:51:51.635] [main/DEBUG] [oshi.util.FileUtil/]: Reading file /sys/devices/system/cpu/cpu1/cache/index0/coherency_line_size
[26Dec2025 22:51:51.635] [main/DEBUG] [oshi.util.FileUtil/]: Reading file /sys/devices/system/cpu/cpu1/cache/index0/size
[26Dec2025 22:51:51.636] [main/DEBUG] [oshi.util.FileUtil/]: Reading file /sys/devices/system/cpu/cpu1/cache/index0/size
[26Dec2025 22:51:51.636] [main/DEBUG] [oshi.util.FileUtil/]: Reading file /sys/devices/system/cpu/cpu1/cache/index3/level
[26Dec2025 22:51:51.636] [main/DEBUG] [oshi.util.FileUtil/]: Reading file /sys/devices/system/cpu/cpu1/cache/index3/level
[26Dec2025 22:51:51.636] [main/DEBUG] [oshi.util.FileUtil/]: Reading file /sys/devices/system/cpu/cpu1/cache/index3/type
[26Dec2025 22:51:51.636] [main/DEBUG] [oshi.util.FileUtil/]: Reading file /sys/devices/system/cpu/cpu1/cache/index3/type
[26Dec2025 22:51:51.637] [main/DEBUG] [oshi.util.FileUtil/]: Reading file /sys/devices/system/cpu/cpu1/cache/index3/ways_of_associativity
[26Dec2025 22:51:51.637] [main/DEBUG] [oshi.util.FileUtil/]: Reading file /sys/devices/system/cpu/cpu1/cache/index3/ways_of_associativity
[26Dec2025 22:51:51.637] [main/DEBUG] [oshi.util.FileUtil/]: Reading file /sys/devices/system/cpu/cpu1/cache/index3/coherency_line_size
[26Dec2025 22:51:51.637] [main/DEBUG] [oshi.util.FileUtil/]: Reading file /sys/devices/system/cpu/cpu1/cache/index3/coherency_line_size
[26Dec2025 22:51:51.637] [main/DEBUG] [oshi.util.FileUtil/]: Reading file /sys/devices/system/cpu/cpu1/cache/index3/size
[26Dec2025 22:51:51.638] [main/DEBUG] [oshi.util.FileUtil/]: Reading file /sys/devices/system/cpu/cpu1/cache/index3/size
[26Dec2025 22:51:51.638] [main/DEBUG] [oshi.util.FileUtil/]: Reading file /sys/devices/system/cpu/cpu1/cache/index1/level
[26Dec2025 22:51:51.638] [main/DEBUG] [oshi.util.FileUtil/]: Reading file /sys/devices/system/cpu/cpu1/cache/index1/level
[26Dec2025 22:51:51.638] [main/DEBUG] [oshi.util.FileUtil/]: Reading file /sys/devices/system/cpu/cpu1/cache/index1/type
[26Dec2025 22:51:51.638] [main/DEBUG] [oshi.util.FileUtil/]: Reading file /sys/devices/system/cpu/cpu1/cache/index1/type
[26Dec2025 22:51:51.638] [main/DEBUG] [oshi.util.FileUtil/]: Reading file /sys/devices/system/cpu/cpu1/cache/index1/ways_of_associativity
[26Dec2025 22:51:51.638] [main/DEBUG] [oshi.util.FileUtil/]: Reading file /sys/devices/system/cpu/cpu1/cache/index1/ways_of_associativity
[26Dec2025 22:51:51.638] [main/DEBUG] [oshi.util.FileUtil/]: Reading file /sys/devices/system/cpu/cpu1/cache/index1/coherency_line_size
[26Dec2025 22:51:51.638] [main/DEBUG] [oshi.util.FileUtil/]: Reading file /sys/devices/system/cpu/cpu1/cache/index1/coherency_line_size
[26Dec2025 22:51:51.639] [main/DEBUG] [oshi.util.FileUtil/]: Reading file /sys/devices/system/cpu/cpu1/cache/index1/size
[26Dec2025 22:51:51.639] [main/DEBUG] [oshi.util.FileUtil/]: Reading file /sys/devices/system/cpu/cpu1/cache/index1/size
[26Dec2025 22:51:51.639] [main/DEBUG] [oshi.util.FileUtil/]: Reading file /sys/devices/system/cpu/cpu2/topology/core_id
[26Dec2025 22:51:51.639] [main/DEBUG] [oshi.util.FileUtil/]: Reading file /sys/devices/system/cpu/cpu2/topology/core_id
[26Dec2025 22:51:51.639] [main/DEBUG] [oshi.util.FileUtil/]: Reading file /sys/devices/system/cpu/cpu2/topology/physical_package_id
[26Dec2025 22:51:51.639] [main/DEBUG] [oshi.util.FileUtil/]: Reading file /sys/devices/system/cpu/cpu2/topology/physical_package_id
[26Dec2025 22:51:51.640] [main/DEBUG] [oshi.util.FileUtil/]: Reading file /sys/devices/system/cpu/cpu2/cpu_capacity
[26Dec2025 22:51:51.640] [main/DEBUG] [oshi.util.FileUtil/]: Reading file /sys/devices/system/cpu/cpu2/cache/index2/level
[26Dec2025 22:51:51.640] [main/DEBUG] [oshi.util.FileUtil/]: Reading file /sys/devices/system/cpu/cpu2/cache/index2/level
[26Dec2025 22:51:51.640] [main/DEBUG] [oshi.util.FileUtil/]: Reading file /sys/devices/system/cpu/cpu2/cache/index2/type
[26Dec2025 22:51:51.640] [main/DEBUG] [oshi.util.FileUtil/]: Reading file /sys/devices/system/cpu/cpu2/cache/index2/type
[26Dec2025 22:51:51.640] [main/DEBUG] [oshi.util.FileUtil/]: Reading file /sys/devices/system/cpu/cpu2/cache/index2/ways_of_associativity
[26Dec2025 22:51:51.640] [main/DEBUG] [oshi.util.FileUtil/]: Reading file /sys/devices/system/cpu/cpu2/cache/index2/ways_of_associativity
[26Dec2025 22:51:51.640] [main/DEBUG] [oshi.util.FileUtil/]: Reading file /sys/devices/system/cpu/cpu2/cache/index2/coherency_line_size
[26Dec2025 22:51:51.640] [main/DEBUG] [oshi.util.FileUtil/]: Reading file /sys/devices/system/cpu/cpu2/cache/index2/coherency_line_size
[26Dec2025 22:51:51.641] [main/DEBUG] [oshi.util.FileUtil/]: Reading file /sys/devices/system/cpu/cpu2/cache/index2/size
[26Dec2025 22:51:51.641] [main/DEBUG] [oshi.util.FileUtil/]: Reading file /sys/devices/system/cpu/cpu2/cache/index2/size
[26Dec2025 22:51:51.641] [main/DEBUG] [oshi.util.FileUtil/]: Reading file /sys/devices/system/cpu/cpu2/cache/index0/level
[26Dec2025 22:51:51.641] [main/DEBUG] [oshi.util.FileUtil/]: Reading file /sys/devices/system/cpu/cpu2/cache/index0/level
[26Dec2025 22:51:51.641] [main/DEBUG] [oshi.util.FileUtil/]: Reading file /sys/devices/system/cpu/cpu2/cache/index0/type
[26Dec2025 22:51:51.641] [main/DEBUG] [oshi.util.FileUtil/]: Reading file /sys/devices/system/cpu/cpu2/cache/index0/type
[26Dec2025 22:51:51.641] [main/DEBUG] [oshi.util.FileUtil/]: Reading file /sys/devices/system/cpu/cpu2/cache/index0/ways_of_associativity
[26Dec2025 22:51:51.641] [main/DEBUG] [oshi.util.FileUtil/]: Reading file /sys/devices/system/cpu/cpu2/cache/index0/ways_of_associativity
[26Dec2025 22:51:51.641] [main/DEBUG] [oshi.util.FileUtil/]: Reading file /sys/devices/system/cpu/cpu2/cache/index0/coherency_line_size
[26Dec2025 22:51:51.641] [main/DEBUG] [oshi.util.FileUtil/]: Reading file /sys/devices/system/cpu/cpu2/cache/index0/coherency_line_size
[26Dec2025 22:51:51.641] [main/DEBUG] [oshi.util.FileUtil/]: Reading file /sys/devices/system/cpu/cpu2/cache/index0/size
[26Dec2025 22:51:51.642] [main/DEBUG] [oshi.util.FileUtil/]: Reading file /sys/devices/system/cpu/cpu2/cache/index0/size
[26Dec2025 22:51:51.642] [main/DEBUG] [oshi.util.FileUtil/]: Reading file /sys/devices/system/cpu/cpu2/cache/index3/level
[26Dec2025 22:51:51.642] [main/DEBUG] [oshi.util.FileUtil/]: Reading file /sys/devices/system/cpu/cpu2/cache/index3/level
[26Dec2025 22:51:51.642] [main/DEBUG] [oshi.util.FileUtil/]: Reading file /sys/devices/system/cpu/cpu2/cache/index3/type
[26Dec2025 22:51:51.642] [main/DEBUG] [oshi.util.FileUtil/]: Reading file /sys/devices/system/cpu/cpu2/cache/index3/type
[26Dec2025 22:51:51.642] [main/DEBUG] [oshi.util.FileUtil/]: Reading file /sys/devices/system/cpu/cpu2/cache/index3/ways_of_associativity
[26Dec2025 22:51:51.642] [main/DEBUG] [oshi.util.FileUtil/]: Reading file /sys/devices/system/cpu/cpu2/cache/index3/ways_of_associativity
[26Dec2025 22:51:51.642] [main/DEBUG] [oshi.util.FileUtil/]: Reading file /sys/devices/system/cpu/cpu2/cache/index3/coherency_line_size
[26Dec2025 22:51:51.642] [main/DEBUG] [oshi.util.FileUtil/]: Reading file /sys/devices/system/cpu/cpu2/cache/index3/coherency_line_size
[26Dec2025 22:51:51.642] [main/DEBUG] [oshi.util.FileUtil/]: Reading file /sys/devices/system/cpu/cpu2/cache/index3/size
[26Dec2025 22:51:51.643] [main/DEBUG] [oshi.util.FileUtil/]: Reading file /sys/devices/system/cpu/cpu2/cache/index3/size
[26Dec2025 22:51:51.643] [main/DEBUG] [oshi.util.FileUtil/]: Reading file /sys/devices/system/cpu/cpu2/cache/index1/level
[26Dec2025 22:51:51.643] [main/DEBUG] [oshi.util.FileUtil/]: Reading file /sys/devices/system/cpu/cpu2/cache/index1/level
[26Dec2025 22:51:51.643] [main/DEBUG] [oshi.util.FileUtil/]: Reading file /sys/devices/system/cpu/cpu2/cache/index1/type
[26Dec2025 22:51:51.643] [main/DEBUG] [oshi.util.FileUtil/]: Reading file /sys/devices/system/cpu/cpu2/cache/index1/type
[26Dec2025 22:51:51.643] [main/DEBUG] [oshi.util.FileUtil/]: Reading file /sys/devices/system/cpu/cpu2/cache/index1/ways_of_associativity
[26Dec2025 22:51:51.643] [main/DEBUG] [oshi.util.FileUtil/]: Reading file /sys/devices/system/cpu/cpu2/cache/index1/ways_of_associativity
[26Dec2025 22:51:51.643] [main/DEBUG] [oshi.util.FileUtil/]: Reading file /sys/devices/system/cpu/cpu2/cache/index1/coherency_line_size
[26Dec2025 22:51:51.643] [main/DEBUG] [oshi.util.FileUtil/]: Reading file /sys/devices/system/cpu/cpu2/cache/index1/coherency_line_size
[26Dec2025 22:51:51.643] [main/DEBUG] [oshi.util.FileUtil/]: Reading file /sys/devices/system/cpu/cpu2/cache/index1/size
[26Dec2025 22:51:51.644] [main/DEBUG] [oshi.util.FileUtil/]: Reading file /sys/devices/system/cpu/cpu2/cache/index1/size
[26Dec2025 22:51:51.644] [main/DEBUG] [oshi.util.FileUtil/]: Reading file /sys/devices/system/cpu/cpu3/topology/core_id
[26Dec2025 22:51:51.644] [main/DEBUG] [oshi.util.FileUtil/]: Reading file /sys/devices/system/cpu/cpu3/topology/core_id
[26Dec2025 22:51:51.644] [main/DEBUG] [oshi.util.FileUtil/]: Reading file /sys/devices/system/cpu/cpu3/topology/physical_package_id
[26Dec2025 22:51:51.644] [main/DEBUG] [oshi.util.FileUtil/]: Reading file /sys/devices/system/cpu/cpu3/topology/physical_package_id
[26Dec2025 22:51:51.645] [main/DEBUG] [oshi.util.FileUtil/]: Reading file /sys/devices/system/cpu/cpu3/cpu_capacity
[26Dec2025 22:51:51.645] [main/DEBUG] [oshi.util.FileUtil/]: Reading file /sys/devices/system/cpu/cpu3/cache/index2/level
[26Dec2025 22:51:51.645] [main/DEBUG] [oshi.util.FileUtil/]: Reading file /sys/devices/system/cpu/cpu3/cache/index2/level
[26Dec2025 22:51:51.645] [main/DEBUG] [oshi.util.FileUtil/]: Reading file /sys/devices/system/cpu/cpu3/cache/index2/type
[26Dec2025 22:51:51.645] [main/DEBUG] [oshi.util.FileUtil/]: Reading file /sys/devices/system/cpu/cpu3/cache/index2/type
[26Dec2025 22:51:51.645] [main/DEBUG] [oshi.util.FileUtil/]: Reading file /sys/devices/system/cpu/cpu3/cache/index2/ways_of_associativity
[26Dec2025 22:51:51.645] [main/DEBUG] [oshi.util.FileUtil/]: Reading file /sys/devices/system/cpu/cpu3/cache/index2/ways_of_associativity
[26Dec2025 22:51:51.645] [main/DEBUG] [oshi.util.FileUtil/]: Reading file /sys/devices/system/cpu/cpu3/cache/index2/coherency_line_size
[26Dec2025 22:51:51.645] [main/DEBUG] [oshi.util.FileUtil/]: Reading file /sys/devices/system/cpu/cpu3/cache/index2/coherency_line_size
[26Dec2025 22:51:51.645] [main/DEBUG] [oshi.util.FileUtil/]: Reading file /sys/devices/system/cpu/cpu3/cache/index2/size
[26Dec2025 22:51:51.646] [main/DEBUG] [oshi.util.FileUtil/]: Reading file /sys/devices/system/cpu/cpu3/cache/index2/size
[26Dec2025 22:51:51.646] [main/DEBUG] [oshi.util.FileUtil/]: Reading file /sys/devices/system/cpu/cpu3/cache/index0/level
[26Dec2025 22:51:51.646] [main/DEBUG] [oshi.util.FileUtil/]: Reading file /sys/devices/system/cpu/cpu3/cache/index0/level
[26Dec2025 22:51:51.646] [main/DEBUG] [oshi.util.FileUtil/]: Reading file /sys/devices/system/cpu/cpu3/cache/index0/type
[26Dec2025 22:51:51.646] [main/DEBUG] [oshi.util.FileUtil/]: Reading file /sys/devices/system/cpu/cpu3/cache/index0/type
[26Dec2025 22:51:51.646] [main/DEBUG] [oshi.util.FileUtil/]: Reading file /sys/devices/system/cpu/cpu3/cache/index0/ways_of_associativity
[26Dec2025 22:51:51.646] [main/DEBUG] [oshi.util.FileUtil/]: Reading file /sys/devices/system/cpu/cpu3/cache/index0/ways_of_associativity
[26Dec2025 22:51:51.646] [main/DEBUG] [oshi.util.FileUtil/]: Reading file /sys/devices/system/cpu/cpu3/cache/index0/coherency_line_size
[26Dec2025 22:51:51.646] [main/DEBUG] [oshi.util.FileUtil/]: Reading file /sys/devices/system/cpu/cpu3/cache/index0/coherency_line_size
[26Dec2025 22:51:51.647] [main/DEBUG] [oshi.util.FileUtil/]: Reading file /sys/devices/system/cpu/cpu3/cache/index0/size
[26Dec2025 22:51:51.647] [main/DEBUG] [oshi.util.FileUtil/]: Reading file /sys/devices/system/cpu/cpu3/cache/index0/size
[26Dec2025 22:51:51.647] [main/DEBUG] [oshi.util.FileUtil/]: Reading file /sys/devices/system/cpu/cpu3/cache/index3/level
[26Dec2025 22:51:51.647] [main/DEBUG] [oshi.util.FileUtil/]: Reading file /sys/devices/system/cpu/cpu3/cache/index3/level
[26Dec2025 22:51:51.647] [main/DEBUG] [oshi.util.FileUtil/]: Reading file /sys/devices/system/cpu/cpu3/cache/index3/type
[26Dec2025 22:51:51.647] [main/DEBUG] [oshi.util.FileUtil/]: Reading file /sys/devices/system/cpu/cpu3/cache/index3/type
[26Dec2025 22:51:51.647] [main/DEBUG] [oshi.util.FileUtil/]: Reading file /sys/devices/system/cpu/cpu3/cache/index3/ways_of_associativity
[26Dec2025 22:51:51.647] [main/DEBUG] [oshi.util.FileUtil/]: Reading file /sys/devices/system/cpu/cpu3/cache/index3/ways_of_associativity
[26Dec2025 22:51:51.647] [main/DEBUG] [oshi.util.FileUtil/]: Reading file /sys/devices/system/cpu/cpu3/cache/index3/coherency_line_size
[26Dec2025 22:51:51.647] [main/DEBUG] [oshi.util.FileUtil/]: Reading file /sys/devices/system/cpu/cpu3/cache/index3/coherency_line_size
[26Dec2025 22:51:51.647] [main/DEBUG] [oshi.util.FileUtil/]: Reading file /sys/devices/system/cpu/cpu3/cache/index3/size
[26Dec2025 22:51:51.648] [main/DEBUG] [oshi.util.FileUtil/]: Reading file /sys/devices/system/cpu/cpu3/cache/index3/size
[26Dec2025 22:51:51.648] [main/DEBUG] [oshi.util.FileUtil/]: Reading file /sys/devices/system/cpu/cpu3/cache/index1/level
[26Dec2025 22:51:51.648] [main/DEBUG] [oshi.util.FileUtil/]: Reading file /sys/devices/system/cpu/cpu3/cache/index1/level
[26Dec2025 22:51:51.648] [main/DEBUG] [oshi.util.FileUtil/]: Reading file /sys/devices/system/cpu/cpu3/cache/index1/type
[26Dec2025 22:51:51.648] [main/DEBUG] [oshi.util.FileUtil/]: Reading file /sys/devices/system/cpu/cpu3/cache/index1/type
[26Dec2025 22:51:51.648] [main/DEBUG] [oshi.util.FileUtil/]: Reading file /sys/devices/system/cpu/cpu3/cache/index1/ways_of_associativity
[26Dec2025 22:51:51.648] [main/DEBUG] [oshi.util.FileUtil/]: Reading file /sys/devices/system/cpu/cpu3/cache/index1/ways_of_associativity
[26Dec2025 22:51:51.648] [main/DEBUG] [oshi.util.FileUtil/]: Reading file /sys/devices/system/cpu/cpu3/cache/index1/coherency_line_size
[26Dec2025 22:51:51.648] [main/DEBUG] [oshi.util.FileUtil/]: Reading file /sys/devices/system/cpu/cpu3/cache/index1/coherency_line_size
[26Dec2025 22:51:51.648] [main/DEBUG] [oshi.util.FileUtil/]: Reading file /sys/devices/system/cpu/cpu3/cache/index1/size
[26Dec2025 22:51:51.648] [main/DEBUG] [oshi.util.FileUtil/]: Reading file /sys/devices/system/cpu/cpu3/cache/index1/size
[26Dec2025 22:51:51.651] [main/DEBUG] [oshi.util.FileUtil/]: Reading file /proc/cpuinfo
[26Dec2025 22:51:51.652] [main/DEBUG] [oshi.util.FileUtil/]: Reading file /proc/cpuinfo
[26Dec2025 22:51:51.664] [main/DEBUG] [oshi.util.FileUtil/]: Reading file /proc/self/auxv
[26Dec2025 22:51:51.678] [main/DEBUG] [oshi.util.FileUtil/]: Reading file /proc/meminfo
[26Dec2025 22:51:51.679] [main/DEBUG] [oshi.util.FileUtil/]: Reading file /proc/meminfo
[26Dec2025 22:51:52.420] [main/DEBUG] [net.minecraftforge.forge.transformers.MethodRedirector/]: Redirecting method call finalizeSpawn(Lnet/minecraft/world/level/ServerLevelAccessor;Lnet/minecraft/world/DifficultyInstance;Lnet/minecraft/world/entity/EntitySpawnReason;Lnet/minecraft/world/entity/SpawnGroupData;)Lnet/minecraft/world/entity/SpawnGroupData; to onFinalizeSpawn(Lnet/minecraft/world/entity/Mob;Lnet/minecraft/world/level/ServerLevelAccessor;Lnet/minecraft/world/DifficultyInstance;Lnet/minecraft/world/entity/EntitySpawnReason;Lnet/minecraft/world/entity/SpawnGroupData;)Lnet/minecraft/world/entity/SpawnGroupData; inside of net/minecraft/world/entity/EntityType.create
[26Dec2025 22:51:54.469] [main/DEBUG] [net.minecraftforge.forge.transformers.MethodRedirector/]: Redirecting method call finalizeSpawn(Lnet/minecraft/world/level/ServerLevelAccessor;Lnet/minecraft/world/DifficultyInstance;Lnet/minecraft/world/entity/EntitySpawnReason;Lnet/minecraft/world/entity/SpawnGroupData;)Lnet/minecraft/world/entity/SpawnGroupData; to onFinalizeSpawn(Lnet/minecraft/world/entity/Mob;Lnet/minecraft/world/level/ServerLevelAccessor;Lnet/minecraft/world/DifficultyInstance;Lnet/minecraft/world/entity/EntitySpawnReason;Lnet/minecraft/world/entity/SpawnGroupData;)Lnet/minecraft/world/entity/SpawnGroupData; inside of net/minecraft/world/entity/animal/frog/Tadpole.lambda$ageUp$1
[26Dec2025 22:51:55.429] [main/DEBUG] [net.minecraftforge.forge.transformers.MethodRedirector/]: Redirecting method call finalizeSpawn(Lnet/minecraft/world/level/ServerLevelAccessor;Lnet/minecraft/world/DifficultyInstance;Lnet/minecraft/world/entity/EntitySpawnReason;Lnet/minecraft/world/entity/SpawnGroupData;)Lnet/minecraft/world/entity/SpawnGroupData; to onFinalizeSpawn(Lnet/minecraft/world/entity/Mob;Lnet/minecraft/world/level/ServerLevelAccessor;Lnet/minecraft/world/DifficultyInstance;Lnet/minecraft/world/entity/EntitySpawnReason;Lnet/minecraft/world/entity/SpawnGroupData;)Lnet/minecraft/world/entity/SpawnGroupData; inside of net/minecraft/world/entity/monster/spider/Spider.finalizeSpawn
[26Dec2025 22:51:55.455] [main/DEBUG] [net.minecraftforge.forge.transformers.MethodRedirector/]: Redirecting method call finalizeSpawn(Lnet/minecraft/world/level/ServerLevelAccessor;Lnet/minecraft/world/DifficultyInstance;Lnet/minecraft/world/entity/EntitySpawnReason;Lnet/minecraft/world/entity/SpawnGroupData;)Lnet/minecraft/world/entity/SpawnGroupData; to onFinalizeSpawn(Lnet/minecraft/world/entity/Mob;Lnet/minecraft/world/level/ServerLevelAccessor;Lnet/minecraft/world/DifficultyInstance;Lnet/minecraft/world/entity/EntitySpawnReason;Lnet/minecraft/world/entity/SpawnGroupData;)Lnet/minecraft/world/entity/SpawnGroupData; inside of net/minecraft/world/entity/monster/zombie/Drowned.finalizeSpawn
[26Dec2025 22:51:55.457] [main/DEBUG] [net.minecraftforge.forge.transformers.MethodRedirector/]: Redirecting method call finalizeSpawn(Lnet/minecraft/world/level/ServerLevelAccessor;Lnet/minecraft/world/DifficultyInstance;Lnet/minecraft/world/entity/EntitySpawnReason;Lnet/minecraft/world/entity/SpawnGroupData;)Lnet/minecraft/world/entity/SpawnGroupData; to onFinalizeSpawn(Lnet/minecraft/world/entity/Mob;Lnet/minecraft/world/level/ServerLevelAccessor;Lnet/minecraft/world/DifficultyInstance;Lnet/minecraft/world/entity/EntitySpawnReason;Lnet/minecraft/world/entity/SpawnGroupData;)Lnet/minecraft/world/entity/SpawnGroupData; inside of net/minecraft/world/entity/monster/zombie/Zombie.hurtServer
[26Dec2025 22:51:55.457] [main/DEBUG] [net.minecraftforge.forge.transformers.MethodRedirector/]: Redirecting method call finalizeSpawn(Lnet/minecraft/world/level/ServerLevelAccessor;Lnet/minecraft/world/DifficultyInstance;Lnet/minecraft/world/entity/EntitySpawnReason;Lnet/minecraft/world/entity/SpawnGroupData;)Lnet/minecraft/world/entity/SpawnGroupData; to onFinalizeSpawn(Lnet/minecraft/world/entity/Mob;Lnet/minecraft/world/level/ServerLevelAccessor;Lnet/minecraft/world/DifficultyInstance;Lnet/minecraft/world/entity/EntitySpawnReason;Lnet/minecraft/world/entity/SpawnGroupData;)Lnet/minecraft/world/entity/SpawnGroupData; inside of net/minecraft/world/entity/monster/zombie/Zombie.finalizeSpawn
[26Dec2025 22:51:55.457] [main/DEBUG] [net.minecraftforge.forge.transformers.MethodRedirector/]: Redirecting method call finalizeSpawn(Lnet/minecraft/world/level/ServerLevelAccessor;Lnet/minecraft/world/DifficultyInstance;Lnet/minecraft/world/entity/EntitySpawnReason;Lnet/minecraft/world/entity/SpawnGroupData;)Lnet/minecraft/world/entity/SpawnGroupData; to onFinalizeSpawn(Lnet/minecraft/world/entity/Mob;Lnet/minecraft/world/level/ServerLevelAccessor;Lnet/minecraft/world/DifficultyInstance;Lnet/minecraft/world/entity/EntitySpawnReason;Lnet/minecraft/world/entity/SpawnGroupData;)Lnet/minecraft/world/entity/SpawnGroupData; inside of net/minecraft/world/entity/monster/zombie/Zombie.lambda$convertVillagerToZombieVillager$4
[26Dec2025 22:51:55.462] [main/DEBUG] [net.minecraftforge.forge.transformers.MethodRedirector/]: Redirecting method call finalizeSpawn(Lnet/minecraft/world/level/ServerLevelAccessor;Lnet/minecraft/world/DifficultyInstance;Lnet/minecraft/world/entity/EntitySpawnReason;Lnet/minecraft/world/entity/SpawnGroupData;)Lnet/minecraft/world/entity/SpawnGroupData; to onFinalizeSpawn(Lnet/minecraft/world/entity/Mob;Lnet/minecraft/world/level/ServerLevelAccessor;Lnet/minecraft/world/DifficultyInstance;Lnet/minecraft/world/entity/EntitySpawnReason;Lnet/minecraft/world/entity/SpawnGroupData;)Lnet/minecraft/world/entity/SpawnGroupData; inside of net/minecraft/world/entity/npc/villager/Villager.getBreedOffspring
[26Dec2025 22:51:55.462] [main/DEBUG] [net.minecraftforge.forge.transformers.MethodRedirector/]: Redirecting method call finalizeSpawn(Lnet/minecraft/world/level/ServerLevelAccessor;Lnet/minecraft/world/DifficultyInstance;Lnet/minecraft/world/entity/EntitySpawnReason;Lnet/minecraft/world/entity/SpawnGroupData;)Lnet/minecraft/world/entity/SpawnGroupData; to onFinalizeSpawn(Lnet/minecraft/world/entity/Mob;Lnet/minecraft/world/level/ServerLevelAccessor;Lnet/minecraft/world/DifficultyInstance;Lnet/minecraft/world/entity/EntitySpawnReason;Lnet/minecraft/world/entity/SpawnGroupData;)Lnet/minecraft/world/entity/SpawnGroupData; inside of net/minecraft/world/entity/npc/villager/Villager.lambda$thunderHit$8
[26Dec2025 22:51:55.467] [main/DEBUG] [net.minecraftforge.forge.transformers.MethodRedirector/]: Redirecting method call finalizeSpawn(Lnet/minecraft/world/level/ServerLevelAccessor;Lnet/minecraft/world/DifficultyInstance;Lnet/minecraft/world/entity/EntitySpawnReason;Lnet/minecraft/world/entity/SpawnGroupData;)Lnet/minecraft/world/entity/SpawnGroupData; to onFinalizeSpawn(Lnet/minecraft/world/entity/Mob;Lnet/minecraft/world/level/ServerLevelAccessor;Lnet/minecraft/world/DifficultyInstance;Lnet/minecraft/world/entity/EntitySpawnReason;Lnet/minecraft/world/entity/SpawnGroupData;)Lnet/minecraft/world/entity/SpawnGroupData; inside of net/minecraft/world/entity/monster/zombie/ZombieVillager.lambda$finishConversion$2
[26Dec2025 22:51:55.489] [main/DEBUG] [net.minecraftforge.forge.transformers.MethodRedirector/]: Redirecting method call finalizeSpawn(Lnet/minecraft/world/level/ServerLevelAccessor;Lnet/minecraft/world/DifficultyInstance;Lnet/minecraft/world/entity/EntitySpawnReason;Lnet/minecraft/world/entity/SpawnGroupData;)Lnet/minecraft/world/entity/SpawnGroupData; to onFinalizeSpawn(Lnet/minecraft/world/entity/Mob;Lnet/minecraft/world/level/ServerLevelAccessor;Lnet/minecraft/world/DifficultyInstance;Lnet/minecraft/world/entity/EntitySpawnReason;Lnet/minecraft/world/entity/SpawnGroupData;)Lnet/minecraft/world/entity/SpawnGroupData; inside of net/minecraft/world/entity/monster/illager/Evoker$EvokerSummonSpellGoal.performSpellCasting
[26Dec2025 22:51:55.519] [main/DEBUG] [net.minecraftforge.forge.transformers.MethodRedirector/]: Redirecting method call finalizeSpawn(Lnet/minecraft/world/level/ServerLevelAccessor;Lnet/minecraft/world/DifficultyInstance;Lnet/minecraft/world/entity/EntitySpawnReason;Lnet/minecraft/world/entity/SpawnGroupData;)Lnet/minecraft/world/entity/SpawnGroupData; to onFinalizeSpawn(Lnet/minecraft/world/entity/Mob;Lnet/minecraft/world/level/ServerLevelAccessor;Lnet/minecraft/world/DifficultyInstance;Lnet/minecraft/world/entity/EntitySpawnReason;Lnet/minecraft/world/entity/SpawnGroupData;)Lnet/minecraft/world/entity/SpawnGroupData; inside of net/minecraft/world/entity/monster/zombie/Husk.finalizeSpawn
[26Dec2025 22:51:55.519] [main/DEBUG] [net.minecraftforge.forge.transformers.MethodRedirector/]: Redirecting method call finalizeSpawn(Lnet/minecraft/world/level/ServerLevelAccessor;Lnet/minecraft/world/DifficultyInstance;Lnet/minecraft/world/entity/EntitySpawnReason;Lnet/minecraft/world/entity/SpawnGroupData;)Lnet/minecraft/world/entity/SpawnGroupData; to onFinalizeSpawn(Lnet/minecraft/world/entity/Mob;Lnet/minecraft/world/level/ServerLevelAccessor;Lnet/minecraft/world/DifficultyInstance;Lnet/minecraft/world/entity/EntitySpawnReason;Lnet/minecraft/world/entity/SpawnGroupData;)Lnet/minecraft/world/entity/SpawnGroupData; inside of net/minecraft/world/entity/monster/zombie/Husk.finalizeSpawn
[26Dec2025 22:51:55.615] [main/DEBUG] [net.minecraftforge.forge.transformers.MethodRedirector/]: Redirecting method call finalizeSpawn(Lnet/minecraft/world/level/ServerLevelAccessor;Lnet/minecraft/world/DifficultyInstance;Lnet/minecraft/world/entity/EntitySpawnReason;Lnet/minecraft/world/entity/SpawnGroupData;)Lnet/minecraft/world/entity/SpawnGroupData; to onFinalizeSpawn(Lnet/minecraft/world/entity/Mob;Lnet/minecraft/world/level/ServerLevelAccessor;Lnet/minecraft/world/DifficultyInstance;Lnet/minecraft/world/entity/EntitySpawnReason;Lnet/minecraft/world/entity/SpawnGroupData;)Lnet/minecraft/world/entity/SpawnGroupData; inside of net/minecraft/world/entity/animal/equine/SkeletonTrapGoal.createHorse
[26Dec2025 22:51:55.615] [main/DEBUG] [net.minecraftforge.forge.transformers.MethodRedirector/]: Redirecting method call finalizeSpawn(Lnet/minecraft/world/level/ServerLevelAccessor;Lnet/minecraft/world/DifficultyInstance;Lnet/minecraft/world/entity/EntitySpawnReason;Lnet/minecraft/world/entity/SpawnGroupData;)Lnet/minecraft/world/entity/SpawnGroupData; to onFinalizeSpawn(Lnet/minecraft/world/entity/Mob;Lnet/minecraft/world/level/ServerLevelAccessor;Lnet/minecraft/world/DifficultyInstance;Lnet/minecraft/world/entity/EntitySpawnReason;Lnet/minecraft/world/entity/SpawnGroupData;)Lnet/minecraft/world/entity/SpawnGroupData; inside of net/minecraft/world/entity/animal/equine/SkeletonTrapGoal.createSkeleton
[26Dec2025 22:51:55.622] [main/DEBUG] [net.minecraftforge.forge.transformers.MethodRedirector/]: Redirecting method call finalizeSpawn(Lnet/minecraft/world/level/ServerLevelAccessor;Lnet/minecraft/world/DifficultyInstance;Lnet/minecraft/world/entity/EntitySpawnReason;Lnet/minecraft/world/entity/SpawnGroupData;)Lnet/minecraft/world/entity/SpawnGroupData; to onFinalizeSpawn(Lnet/minecraft/world/entity/Mob;Lnet/minecraft/world/level/ServerLevelAccessor;Lnet/minecraft/world/DifficultyInstance;Lnet/minecraft/world/entity/EntitySpawnReason;Lnet/minecraft/world/entity/SpawnGroupData;)Lnet/minecraft/world/entity/SpawnGroupData; inside of net/minecraft/world/entity/monster/Strider.spawnJockey
[26Dec2025 22:51:55.652] [main/DEBUG] [net.minecraftforge.forge.transformers.MethodRedirector/]: Redirecting method call finalizeSpawn(Lnet/minecraft/world/level/ServerLevelAccessor;Lnet/minecraft/world/DifficultyInstance;Lnet/minecraft/world/entity/EntitySpawnReason;Lnet/minecraft/world/entity/SpawnGroupData;)Lnet/minecraft/world/entity/SpawnGroupData; to onFinalizeSpawn(Lnet/minecraft/world/entity/Mob;Lnet/minecraft/world/level/ServerLevelAccessor;Lnet/minecraft/world/DifficultyInstance;Lnet/minecraft/world/entity/EntitySpawnReason;Lnet/minecraft/world/entity/SpawnGroupData;)Lnet/minecraft/world/entity/SpawnGroupData; inside of net/minecraft/world/entity/animal/equine/ZombieHorse.finalizeSpawn
[26Dec2025 22:51:56.436] [main/DEBUG] [net.minecraftforge.forge.transformers.MethodRedirector/]: Redirecting method call finalizeSpawn(Lnet/minecraft/world/level/ServerLevelAccessor;Lnet/minecraft/world/DifficultyInstance;Lnet/minecraft/world/entity/EntitySpawnReason;Lnet/minecraft/world/entity/SpawnGroupData;)Lnet/minecraft/world/entity/SpawnGroupData; to onFinalizeSpawn(Lnet/minecraft/world/entity/Mob;Lnet/minecraft/world/level/ServerLevelAccessor;Lnet/minecraft/world/DifficultyInstance;Lnet/minecraft/world/entity/EntitySpawnReason;Lnet/minecraft/world/entity/SpawnGroupData;)Lnet/minecraft/world/entity/SpawnGroupData; inside of net/minecraft/world/level/levelgen/structure/structures/OceanRuinPieces$OceanRuinPiece.handleDataMarker
[26Dec2025 22:51:56.439] [main/DEBUG] [net.minecraftforge.forge.transformers.MethodRedirector/]: Redirecting method call finalizeSpawn(Lnet/minecraft/world/level/ServerLevelAccessor;Lnet/minecraft/world/DifficultyInstance;Lnet/minecraft/world/entity/EntitySpawnReason;Lnet/minecraft/world/entity/SpawnGroupData;)Lnet/minecraft/world/entity/SpawnGroupData; to onFinalizeSpawn(Lnet/minecraft/world/entity/Mob;Lnet/minecraft/world/level/ServerLevelAccessor;Lnet/minecraft/world/DifficultyInstance;Lnet/minecraft/world/entity/EntitySpawnReason;Lnet/minecraft/world/entity/SpawnGroupData;)Lnet/minecraft/world/entity/SpawnGroupData; inside of net/minecraft/world/level/levelgen/structure/structures/SwampHutPiece.postProcess
[26Dec2025 22:51:56.439] [main/DEBUG] [net.minecraftforge.forge.transformers.MethodRedirector/]: Redirecting method call finalizeSpawn(Lnet/minecraft/world/level/ServerLevelAccessor;Lnet/minecraft/world/DifficultyInstance;Lnet/minecraft/world/entity/EntitySpawnReason;Lnet/minecraft/world/entity/SpawnGroupData;)Lnet/minecraft/world/entity/SpawnGroupData; to onFinalizeSpawn(Lnet/minecraft/world/entity/Mob;Lnet/minecraft/world/level/ServerLevelAccessor;Lnet/minecraft/world/DifficultyInstance;Lnet/minecraft/world/entity/EntitySpawnReason;Lnet/minecraft/world/entity/SpawnGroupData;)Lnet/minecraft/world/entity/SpawnGroupData; inside of net/minecraft/world/level/levelgen/structure/structures/SwampHutPiece.spawnCat
[26Dec2025 22:51:56.442] [main/DEBUG] [net.minecraftforge.forge.transformers.MethodRedirector/]: Redirecting method call finalizeSpawn(Lnet/minecraft/world/level/ServerLevelAccessor;Lnet/minecraft/world/DifficultyInstance;Lnet/minecraft/world/entity/EntitySpawnReason;Lnet/minecraft/world/entity/SpawnGroupData;)Lnet/minecraft/world/entity/SpawnGroupData; to onFinalizeSpawn(Lnet/minecraft/world/entity/Mob;Lnet/minecraft/world/level/ServerLevelAccessor;Lnet/minecraft/world/DifficultyInstance;Lnet/minecraft/world/entity/EntitySpawnReason;Lnet/minecraft/world/entity/SpawnGroupData;)Lnet/minecraft/world/entity/SpawnGroupData; inside of net/minecraft/world/level/levelgen/structure/structures/OceanMonumentPieces$OceanMonumentPiece.spawnElder
[26Dec2025 22:51:56.447] [main/DEBUG] [net.minecraftforge.forge.transformers.MethodRedirector/]: Redirecting method call finalizeSpawn(Lnet/minecraft/world/level/ServerLevelAccessor;Lnet/minecraft/world/DifficultyInstance;Lnet/minecraft/world/entity/EntitySpawnReason;Lnet/minecraft/world/entity/SpawnGroupData;)Lnet/minecraft/world/entity/SpawnGroupData; to onFinalizeSpawn(Lnet/minecraft/world/entity/Mob;Lnet/minecraft/world/level/ServerLevelAccessor;Lnet/minecraft/world/DifficultyInstance;Lnet/minecraft/world/entity/EntitySpawnReason;Lnet/minecraft/world/entity/SpawnGroupData;)Lnet/minecraft/world/entity/SpawnGroupData; inside of net/minecraft/world/level/levelgen/structure/structures/WoodlandMansionPieces$WoodlandMansionPiece.handleDataMarker
[26Dec2025 22:51:56.866] [main/DEBUG] [net.minecraftforge.forge.transformers.MethodRedirector/]: Redirecting method call finalizeSpawn(Lnet/minecraft/world/level/ServerLevelAccessor;Lnet/minecraft/world/DifficultyInstance;Lnet/minecraft/world/entity/EntitySpawnReason;Lnet/minecraft/world/entity/SpawnGroupData;)Lnet/minecraft/world/entity/SpawnGroupData; to onFinalizeSpawn(Lnet/minecraft/world/entity/Mob;Lnet/minecraft/world/level/ServerLevelAccessor;Lnet/minecraft/world/DifficultyInstance;Lnet/minecraft/world/entity/EntitySpawnReason;Lnet/minecraft/world/entity/SpawnGroupData;)Lnet/minecraft/world/entity/SpawnGroupData; inside of net/minecraft/gametest/framework/GameTestHelper.spawn
[26Dec2025 22:51:57.066] [main/DEBUG] [net.minecraftforge.common.ForgeI18n/CORE]: Loading I18N data entries: 7980
[26Dec2025 22:51:57.088] [main/DEBUG] [net.minecraftforge.fml.ModWorkManager/LOADING]: Using 4 threads for parallel mod-loading
[26Dec2025 22:51:57.094] [main/DEBUG] [net.minecraftforge.fml.javafmlmod.FMLJavaModLanguageProvider/LOADING]: Loading FMLModContainer from classloader TransformingClassLoader[TRANSFORMER]@573023937 - got SecureModuleClassLoader[LAYER PLUGIN]@385784873
[26Dec2025 22:51:57.097] [main/DEBUG] [net.minecraftforge.fml.javafmlmod.FMLModContainer/LOADING]: Creating FMLModContainer instance for net.minecraftforge.common.ForgeMod
[26Dec2025 22:51:57.099] [main/DEBUG] [net.minecraftforge.fml.javafmlmod.FMLModContainer/LOADING]: Loaded modclass net.minecraftforge.forge/net.minecraftforge.common.ForgeMod with TransformingClassLoader[TRANSFORMER]@573023937
[26Dec2025 22:51:57.134] [modloading-worker-0/DEBUG] [net.minecraftforge.versions.forge.ForgeVersion/CORE]: Forge Version package package net.minecraftforge.versions.forge, Forge, version 61.0 from TransformingClassLoader[TRANSFORMER]@573023937
[26Dec2025 22:51:57.134] [modloading-worker-0/DEBUG] [net.minecraftforge.versions.forge.ForgeVersion/CORE]: Found Forge version 61.0.3
[26Dec2025 22:51:57.135] [modloading-worker-0/DEBUG] [net.minecraftforge.versions.forge.ForgeVersion/CORE]: Found Forge spec 61.0
[26Dec2025 22:51:57.135] [modloading-worker-0/DEBUG] [net.minecraftforge.versions.forge.ForgeVersion/CORE]: Found Forge group net.minecraftforge
[26Dec2025 22:51:57.135] [modloading-worker-0/DEBUG] [net.minecraftforge.versions.mcp.MCPVersion/CORE]: MCP Version package package net.minecraftforge.versions.mcp, Minecraft, version 1.21.11 from TransformingClassLoader[TRANSFORMER]@573023937
[26Dec2025 22:51:57.135] [modloading-worker-0/DEBUG] [net.minecraftforge.versions.mcp.MCPVersion/CORE]: Found MC version information 1.21.11
[26Dec2025 22:51:57.135] [modloading-worker-0/DEBUG] [net.minecraftforge.versions.mcp.MCPVersion/CORE]: Found MCP version information 20251209.095502
[26Dec2025 22:51:57.135] [modloading-worker-0/INFO] [net.minecraftforge.common.ForgeMod/FORGEMOD]: Forge mod loading, version 61.0.3, for MC 1.21.11 with MCP 20251209.095502
[26Dec2025 22:51:57.140] [modloading-worker-0/INFO] [net.minecraftforge.common.MinecraftForge/FORGE]: MinecraftForge v61.0.3 Initialized
[26Dec2025 22:51:57.194] [modloading-worker-0/INFO] [net.minecraftforge.common.ForgeMod/FORGEMOD]: Opening jdk.naming.dns/com.sun.jndi.dns to java.naming
[26Dec2025 22:51:57.236] [modloading-worker-0/DEBUG] [net.minecraftforge.network.NetworkInitialization/FORGE_NETWORK]: Registering Network forge:login v0
[26Dec2025 22:51:57.236] [modloading-worker-0/DEBUG] [net.minecraftforge.network.NetworkInitialization/FORGE_NETWORK]: Registering Network forge:handshake v0
[26Dec2025 22:51:57.236] [modloading-worker-0/DEBUG] [net.minecraftforge.network.NetworkInitialization/FORGE_NETWORK]: Registering Network forge:handshake v0
[26Dec2025 22:51:57.236] [modloading-worker-0/DEBUG] [net.minecraftforge.network.NetworkInitialization/FORGE_NETWORK]: Registering Network forge:channel_registration v0
[26Dec2025 22:51:57.256] [modloading-worker-0/DEBUG] [net.minecraftforge.fml.config.ConfigTracker/CONFIG]: Config file forge-client.toml for forge tracking
[26Dec2025 22:51:57.256] [modloading-worker-0/DEBUG] [net.minecraftforge.fml.config.ConfigTracker/CONFIG]: Config file forge-server.toml for forge tracking
[26Dec2025 22:51:57.256] [modloading-worker-0/DEBUG] [net.minecraftforge.fml.config.ConfigTracker/CONFIG]: Config file forge-common.toml for forge tracking
[26Dec2025 22:51:57.278] [modloading-worker-0/DEBUG] [net.minecraftforge.fml.javafmlmod.AutomaticEventSubscriber/LOADING]: Attempting to inject @EventBusSubscriber classes into the eventbus for forge
[26Dec2025 22:51:57.291] [main/DEBUG] [net.minecraftforge.common.capabilities.CapabilityManager/CAPABILITIES]: Attempting to automatically register: Lnet/minecraftforge/energy/IEnergyStorage;
[26Dec2025 22:51:57.293] [main/DEBUG] [net.minecraftforge.common.capabilities.CapabilityManager/CAPABILITIES]: Attempting to automatically register: Lnet/minecraftforge/fluids/capability/IFluidHandler;
[26Dec2025 22:51:57.293] [main/DEBUG] [net.minecraftforge.common.capabilities.CapabilityManager/CAPABILITIES]: Attempting to automatically register: Lnet/minecraftforge/fluids/capability/IFluidHandlerItem;
[26Dec2025 22:51:57.293] [main/DEBUG] [net.minecraftforge.common.capabilities.CapabilityManager/CAPABILITIES]: Attempting to automatically register: Lnet/minecraftforge/items/IItemHandler;
[26Dec2025 22:51:57.374] [main/DEBUG] [net.minecraftforge.fml.config.ConfigTracker/CONFIG]: Loading configs type COMMON
[26Dec2025 22:51:57.375] [main/DEBUG] [net.minecraftforge.fml.config.ConfigFileTypeHandler/CONFIG]: Built TOML config for /workspaces/Server/servidor_minecraft/config/forge-common.toml
[26Dec2025 22:51:57.419] [main/DEBUG] [net.minecraftforge.fml.config.ConfigFileTypeHandler/CONFIG]: Loaded TOML config file /workspaces/Server/servidor_minecraft/config/forge-common.toml
[26Dec2025 22:51:57.419] [main/DEBUG] [net.minecraftforge.fml.config.ConfigFileTypeHandler/CONFIG]: Starting watcher for handler: ConfigFileTypeHandler[COMMON]
[26Dec2025 22:51:57.424] [main/DEBUG] [net.minecraftforge.fml.config.ConfigFileTypeHandler/CONFIG]: Watching TOML config file /workspaces/Server/servidor_minecraft/config/forge-common.toml for changes
[26Dec2025 22:51:57.426] [main/DEBUG] [net.minecraftforge.common.ForgeConfig/FORGEMOD]: Loaded forge config file forge-common.toml
[26Dec2025 22:51:57.929] [pool-3-thread-1/DEBUG] [net.minecraftforge.fml.config.ConfigFileTypeHandler/CONFIG]: Config file forge-common.toml changed, sending notifies
[26Dec2025 22:51:57.930] [pool-3-thread-1/DEBUG] [net.minecraftforge.common.ForgeConfig/FORGEMOD]: Forge config just got changed on the file system!
[26Dec2025 22:51:58.142] [Forge Version Check/INFO] [net.minecraftforge.fml.VersionChecker/]: [forge] Starting version check at https://files.minecraftforge.net/net/minecraftforge/forge/promotions_slim.json
[26Dec2025 22:51:58.542] [Forge Version Check/DEBUG] [net.minecraftforge.fml.VersionChecker/]: [forge] Received version check data:
{
  "homepage": "https://files.minecraftforge.net/net/minecraftforge/forge/",
  "promos": {
    "1.1-latest": "1.3.4.29",
    "1.2.3-latest": "1.4.1.64",
    "1.2.4-latest": "2.0.0.68",
    "1.2.5-latest": "3.4.9.171",
    "1.3.2-latest": "4.3.5.318",
    "1.4.0-latest": "5.0.0.326",
    "1.4.1-latest": "6.0.0.329",
    "1.4.2-latest": "6.0.1.355",
    "1.4.3-latest": "6.2.1.358",
    "1.4.4-latest": "6.3.0.378",
    "1.4.5-latest": "6.4.2.448",
    "1.4.6-latest": "6.5.0.489",
    "1.4.7-latest": "6.6.2.534",
    "1.5-latest": "7.7.0.598",
    "1.5.1-latest": "7.7.2.682",
    "1.5.2-latest": "7.8.1.738",
    "1.5.2-recommended": "7.8.1.738",
    "1.6.1-latest": "8.9.0.775",
    "1.6.2-latest": "9.10.1.871",
    "1.6.2-recommended": "9.10.1.871",
    "1.6.3-latest": "9.11.0.878",
    "1.6.4-latest": "9.11.1.1345",
    "1.6.4-recommended": "9.11.1.1345",
    "1.7.2-latest": "10.12.2.1161",
    "1.7.2-recommended": "10.12.2.1161",
    "1.7.10-latest": "10.13.4.1614",
    "1.7.10-recommended": "10.13.4.1614",
    "1.8-latest": "11.14.4.1577",
    "1.8-recommended": "11.14.4.1563",
    "1.8.8-latest": "11.15.0.1655",
    "1.8.9-latest": "11.15.1.2318",
    "1.8.9-recommended": "11.15.1.2318",
    "1.9-latest": "12.16.1.1938",
    "1.9-recommended": "12.16.1.1887",
    "1.9.4-latest": "12.17.0.2317",
    "1.9.4-recommended": "12.17.0.2317",
    "1.10-latest": "12.18.0.2000",
    "1.10.2-latest": "12.18.3.2511",
    "1.10.2-recommended": "12.18.3.2511",
    "1.11-latest": "13.19.1.2199",
    "1.11-recommended": "13.19.1.2189",
    "1.11.2-latest": "13.20.1.2588",
    "1.11.2-recommended": "13.20.1.2588",
    "1.12-latest": "14.21.1.2443",
    "1.12-recommended": "14.21.1.2387",
    "1.12.1-latest": "14.22.1.2485",
    "1.12.1-recommended": "14.22.1.2478",
    "1.12.2-latest": "14.23.5.2864",
    "1.12.2-recommended": "14.23.5.2859",
    "1.13.2-latest": "25.0.223",
    "1.14.2-latest": "26.0.63",
    "1.14.3-latest": "27.0.60",
    "1.14.4-latest": "28.2.27",
    "1.14.4-recommended": "28.2.26",
    "1.15-latest": "29.0.4",
    "1.15.1-latest": "30.0.51",
    "1.15.2-latest": "31.2.60",
    "1.15.2-recommended": "31.2.57",
    "1.16.1-latest": "32.0.108",
    "1.16.2-latest": "33.0.61",
    "1.16.3-latest": "34.1.42",
    "1.16.3-recommended": "34.1.0",
    "1.16.4-latest": "35.1.37",
    "1.16.4-recommended": "35.1.4",
    "1.16.5-latest": "36.2.42",
    "1.16.5-recommended": "36.2.34",
    "1.17.1-latest": "37.1.1",
    "1.17.1-recommended": "37.1.1",
    "1.18-latest": "38.0.17",
    "1.18.1-latest": "39.1.2",
    "1.18.1-recommended": "39.1.0",
    "1.18.2-recommended": "40.3.0",
    "1.18.2-latest": "40.3.12",
    "1.19-latest": "41.1.0",
    "1.19-recommended": "41.1.0",
    "1.19.1-latest": "42.0.9",
    "1.19.2-recommended": "43.5.0",
    "1.19.2-latest": "43.5.2",
    "1.19.3-latest": "44.1.23",
    "1.19.3-recommended": "44.1.0",
    "1.19.4-recommended": "45.4.0",
    "1.19.4-latest": "45.4.3",
    "1.20-latest": "46.0.14",
    "1.20.1-recommended": "47.4.10",
    "1.20.1-latest": "47.4.13",
    "1.20.2-latest": "48.1.0",
    "1.20.2-recommended": "48.1.0",
    "1.20.3-latest": "49.0.2",
    "1.20.4-latest": "49.2.4",
    "1.20.4-recommended": "49.2.0",
    "1.20.6-latest": "50.2.4",
    "1.20.6-recommended": "50.2.0",
    "1.21-latest": "51.0.33",
    "1.21.1-latest": "52.1.8",
    "1.21.1-recommended": "52.1.0",
    "1.21.3-latest": "53.1.6",
    "1.21.3-recommended": "53.1.0",
    "1.21.4-latest": "54.1.11",
    "1.21.4-recommended": "54.1.0",
    "1.21.5-latest": "55.1.4",
    "1.21.5-recommended": "55.1.0",
    "1.21.6-latest": "56.0.9",
    "1.21.7-latest": "57.0.3",
    "1.21.8-latest": "58.1.11",
    "1.21.8-recommended": "58.1.0",
    "1.21.9-latest": "59.0.5",
    "1.21.10-latest": "60.1.5",
    "1.21.10-recommended": "60.1.0",
    "1.21.11-latest": "61.0.3"
  }
}
[26Dec2025 22:51:58.543] [Forge Version Check/INFO] [net.minecraftforge.fml.VersionChecker/]: [forge] Found status: BETA Current: 61.0.3 Target: 61.0.3
[26Dec2025 22:51:58.753] [main/INFO] [com.mojang.authlib.yggdrasil.YggdrasilAuthenticationService/]: Environment: Environment[sessionHost=https://sessionserver.mojang.com, servicesHost=https://api.minecraftservices.com, profilesHost=https://api.mojang.com, name=PROD]
[26Dec2025 22:51:59.378] [main/DEBUG] [net.minecraftforge.resource.ResourcePackLoader/CORE]: Generating PackInfo named mod:forge for mod file /workspaces/Server/servidor_minecraft/libraries/net/minecraftforge/forge/1.21.11-61.0.3/forge-1.21.11-61.0.3-universal.jar
[26Dec2025 22:52:00.601] [Worker-Main-3/DEBUG] [net.minecraftforge.forge.transformers.MethodRedirector/]: Redirecting method call finalizeSpawn(Lnet/minecraft/world/level/ServerLevelAccessor;Lnet/minecraft/world/DifficultyInstance;Lnet/minecraft/world/entity/EntitySpawnReason;Lnet/minecraft/world/entity/SpawnGroupData;)Lnet/minecraft/world/entity/SpawnGroupData; to onFinalizeSpawn(Lnet/minecraft/world/entity/Mob;Lnet/minecraft/world/level/ServerLevelAccessor;Lnet/minecraft/world/DifficultyInstance;Lnet/minecraft/world/entity/EntitySpawnReason;Lnet/minecraft/world/entity/SpawnGroupData;)Lnet/minecraft/world/entity/SpawnGroupData; inside of net/minecraft/server/commands/SummonCommand.createEntity
[26Dec2025 22:52:01.191] [main/INFO] [net.minecraft.world.item.crafting.RecipeManager/]: Loaded 1470 recipes
[26Dec2025 22:52:01.209] [main/INFO] [net.minecraft.advancements.AdvancementTree/]: Loaded 1584 advancements
[26Dec2025 22:52:01.229] [main/DEBUG] [net.minecraftforge.common.ForgeHooks/WP]: Gathering id map for writing to world save world
[26Dec2025 22:52:01.238] [main/DEBUG] [net.minecraftforge.common.ForgeHooks/WP]: ID Map collection complete world
[26Dec2025 22:52:01.322] [Server thread/INFO] [net.minecraft.server.dedicated.DedicatedServer/]: Starting minecraft server version 1.21.11
[26Dec2025 22:52:01.322] [Server thread/INFO] [net.minecraft.server.dedicated.DedicatedServer/]: Loading properties
[26Dec2025 22:52:01.322] [Server thread/INFO] [net.minecraft.server.dedicated.DedicatedServer/]: Default game type: SURVIVAL
[26Dec2025 22:52:01.322] [Server thread/INFO] [net.minecraft.server.MinecraftServer/]: Generating keypair
[26Dec2025 22:52:01.425] [Server thread/INFO] [net.minecraft.server.dedicated.DedicatedServer/]: Starting Minecraft server on *:25565
[26Dec2025 22:52:01.426] [Server thread/DEBUG] [net.minecraftforge.network.DualStackUtils/]: Detected IPv6 address: "0:0:0:0:0:0:0:0"
[26Dec2025 22:52:01.447] [Server thread/DEBUG] [io.netty.util.internal.PlatformDependent0/]: Java version: 21
[26Dec2025 22:52:01.447] [Server thread/DEBUG] [io.netty.util.internal.PlatformDependent0/]: -Dio.netty.noUnsafe: false
[26Dec2025 22:52:01.448] [Server thread/DEBUG] [io.netty.util.internal.PlatformDependent0/]: sun.misc.Unsafe.theUnsafe: available
[26Dec2025 22:52:01.448] [Server thread/DEBUG] [io.netty.util.internal.PlatformDependent0/]: sun.misc.Unsafe base methods: all available
[26Dec2025 22:52:01.449] [Server thread/DEBUG] [io.netty.util.internal.PlatformDependent0/]: java.nio.Buffer.address: available
[26Dec2025 22:52:01.449] [Server thread/DEBUG] [io.netty.util.internal.PlatformDependent0/]: direct buffer constructor: unavailable
java.lang.UnsupportedOperationException: Reflective setAccessible(true) disabled
	at SECURE-BOOTSTRAP/io.netty.common@4.2.7.Final/io.netty.util.internal.ReflectionUtil.trySetAccessible(ReflectionUtil.java:36) ~[netty-common-4.2.7.Final.jar!/:4.2.7.Final]
	at SECURE-BOOTSTRAP/io.netty.common@4.2.7.Final/io.netty.util.internal.PlatformDependent0$4.run(PlatformDependent0.java:290) ~[netty-common-4.2.7.Final.jar!/:4.2.7.Final]
	at java.base/java.security.AccessController.doPrivileged(AccessController.java:319) ~[?:?]
	at SECURE-BOOTSTRAP/io.netty.common@4.2.7.Final/io.netty.util.internal.PlatformDependent0.<clinit>(PlatformDependent0.java:282) ~[netty-common-4.2.7.Final.jar!/:4.2.7.Final]
	at SECURE-BOOTSTRAP/io.netty.common@4.2.7.Final/io.netty.util.internal.PlatformDependent.isAndroid(PlatformDependent.java:385) ~[netty-common-4.2.7.Final.jar!/:4.2.7.Final]
	at SECURE-BOOTSTRAP/io.netty.common@4.2.7.Final/io.netty.util.internal.PlatformDependent.<clinit>(PlatformDependent.java:94) ~[netty-common-4.2.7.Final.jar!/:4.2.7.Final]
	at SECURE-BOOTSTRAP/io.netty.common@4.2.7.Final/io.netty.util.internal.ClassInitializerUtil.tryLoadClasses(ClassInitializerUtil.java:32) ~[netty-common-4.2.7.Final.jar!/:4.2.7.Final]
	at SECURE-BOOTSTRAP/io.netty.transport.classes.kqueue@4.2.7.Final/io.netty.channel.kqueue.Native.<clinit>(Native.java:65) ~[netty-transport-classes-kqueue-4.2.7.Final.jar!/:4.2.7.Final]
	at SECURE-BOOTSTRAP/io.netty.transport.classes.kqueue@4.2.7.Final/io.netty.channel.kqueue.KQueue.<clinit>(KQueue.java:38) ~[netty-transport-classes-kqueue-4.2.7.Final.jar!/:4.2.7.Final]
	at TRANSFORMER/minecraft@1.21.11/net.minecraft.server.network.EventLoopGroupHolder.remote(EventLoopGroupHolder.java:59) ~[forge-1.21.11-61.0.3-server.jar!/:?]
	at TRANSFORMER/minecraft@1.21.11/net.minecraft.server.network.ServerConnectionListener.startTcpServerListener(ServerConnectionListener.java:56) ~[forge-1.21.11-61.0.3-server.jar!/:?]
	at TRANSFORMER/minecraft@1.21.11/net.minecraft.server.dedicated.DedicatedServer.initServer(DedicatedServer.java:239) ~[forge-1.21.11-61.0.3-server.jar!/:?]
	at TRANSFORMER/minecraft@1.21.11/net.minecraft.server.MinecraftServer.runServer(MinecraftServer.java:726) ~[forge-1.21.11-61.0.3-server.jar!/:?]
	at TRANSFORMER/minecraft@1.21.11/net.minecraft.server.MinecraftServer.lambda$spin$2(MinecraftServer.java:287) ~[forge-1.21.11-61.0.3-server.jar!/:?]
	at java.base/java.lang.Thread.run(Thread.java:1583) [?:?]
[26Dec2025 22:52:01.451] [Server thread/DEBUG] [io.netty.util.internal.PlatformDependent0/]: java.nio.Bits.unaligned: available, true
[26Dec2025 22:52:01.452] [Server thread/DEBUG] [io.netty.util.internal.PlatformDependent0/]: jdk.internal.misc.Unsafe.allocateUninitializedArray(int): unavailable
java.lang.IllegalAccessException: symbolic reference class is not accessible: class jdk.internal.misc.Unsafe, from class io.netty.util.internal.PlatformDependent0 (module io.netty.common)
	at java.base/java.lang.invoke.MemberName.makeAccessException(MemberName.java:894) ~[?:?]
	at java.base/java.lang.invoke.MethodHandles$Lookup.checkSymbolicClass(MethodHandles.java:3787) ~[?:?]
	at java.base/java.lang.invoke.MethodHandles$Lookup.resolveOrFail(MethodHandles.java:3747) ~[?:?]
	at java.base/java.lang.invoke.MethodHandles$Lookup.findStatic(MethodHandles.java:2675) ~[?:?]
	at SECURE-BOOTSTRAP/io.netty.common@4.2.7.Final/io.netty.util.internal.PlatformDependent0$6.run(PlatformDependent0.java:414) ~[netty-common-4.2.7.Final.jar!/:4.2.7.Final]
	at java.base/java.security.AccessController.doPrivileged(AccessController.java:319) ~[?:?]
	at SECURE-BOOTSTRAP/io.netty.common@4.2.7.Final/io.netty.util.internal.PlatformDependent0.<clinit>(PlatformDependent0.java:406) ~[netty-common-4.2.7.Final.jar!/:4.2.7.Final]
	at SECURE-BOOTSTRAP/io.netty.common@4.2.7.Final/io.netty.util.internal.PlatformDependent.isAndroid(PlatformDependent.java:385) ~[netty-common-4.2.7.Final.jar!/:4.2.7.Final]
	at SECURE-BOOTSTRAP/io.netty.common@4.2.7.Final/io.netty.util.internal.PlatformDependent.<clinit>(PlatformDependent.java:94) ~[netty-common-4.2.7.Final.jar!/:4.2.7.Final]
	at SECURE-BOOTSTRAP/io.netty.common@4.2.7.Final/io.netty.util.internal.ClassInitializerUtil.tryLoadClasses(ClassInitializerUtil.java:32) ~[netty-common-4.2.7.Final.jar!/:4.2.7.Final]
	at SECURE-BOOTSTRAP/io.netty.transport.classes.kqueue@4.2.7.Final/io.netty.channel.kqueue.Native.<clinit>(Native.java:65) ~[netty-transport-classes-kqueue-4.2.7.Final.jar!/:4.2.7.Final]
	at SECURE-BOOTSTRAP/io.netty.transport.classes.kqueue@4.2.7.Final/io.netty.channel.kqueue.KQueue.<clinit>(KQueue.java:38) ~[netty-transport-classes-kqueue-4.2.7.Final.jar!/:4.2.7.Final]
	at TRANSFORMER/minecraft@1.21.11/net.minecraft.server.network.EventLoopGroupHolder.remote(EventLoopGroupHolder.java:59) ~[forge-1.21.11-61.0.3-server.jar!/:?]
	at TRANSFORMER/minecraft@1.21.11/net.minecraft.server.network.ServerConnectionListener.startTcpServerListener(ServerConnectionListener.java:56) ~[forge-1.21.11-61.0.3-server.jar!/:?]
	at TRANSFORMER/minecraft@1.21.11/net.minecraft.server.dedicated.DedicatedServer.initServer(DedicatedServer.java:239) ~[forge-1.21.11-61.0.3-server.jar!/:?]
	at TRANSFORMER/minecraft@1.21.11/net.minecraft.server.MinecraftServer.runServer(MinecraftServer.java:726) ~[forge-1.21.11-61.0.3-server.jar!/:?]
	at TRANSFORMER/minecraft@1.21.11/net.minecraft.server.MinecraftServer.lambda$spin$2(MinecraftServer.java:287) ~[forge-1.21.11-61.0.3-server.jar!/:?]
	at java.base/java.lang.Thread.run(Thread.java:1583) [?:?]
[26Dec2025 22:52:01.453] [Server thread/DEBUG] [io.netty.util.internal.PlatformDependent0/]: java.nio.DirectByteBuffer.<init>(long, {int,long}): unavailable
[26Dec2025 22:52:01.453] [Server thread/DEBUG] [io.netty.util.internal.PlatformDependent/]: sun.misc.Unsafe: available
[26Dec2025 22:52:01.453] [Server thread/DEBUG] [io.netty.util.internal.PlatformDependent/]: -Dio.netty.tmpdir: /tmp (java.io.tmpdir)
[26Dec2025 22:52:01.453] [Server thread/DEBUG] [io.netty.util.internal.PlatformDependent/]: -Dio.netty.bitMode: 64 (sun.arch.data.model)
[26Dec2025 22:52:01.453] [Server thread/DEBUG] [io.netty.util.internal.PlatformDependent/]: -Dio.netty.maxDirectMemory: -1 bytes
[26Dec2025 22:52:01.455] [Server thread/DEBUG] [io.netty.util.internal.CleanerJava9/]: java.nio.ByteBuffer.cleaner(): available
[26Dec2025 22:52:01.455] [Server thread/DEBUG] [io.netty.util.internal.PlatformDependent/]: -Dio.netty.noPreferDirect: false
[26Dec2025 22:52:01.455] [Server thread/DEBUG] [io.netty.util.internal.PlatformDependent/]: -Dio.netty.jfr.enabled: true
[26Dec2025 22:52:01.464] [Server thread/DEBUG] [io.netty.util.internal.NativeLibraryLoader/]: -Dio.netty.native.workdir: /tmp (io.netty.tmpdir)
[26Dec2025 22:52:01.464] [Server thread/DEBUG] [io.netty.util.internal.NativeLibraryLoader/]: -Dio.netty.native.deleteLibAfterLoading: true
[26Dec2025 22:52:01.464] [Server thread/DEBUG] [io.netty.util.internal.NativeLibraryLoader/]: -Dio.netty.native.tryPatchShadedId: true
[26Dec2025 22:52:01.464] [Server thread/DEBUG] [io.netty.util.internal.NativeLibraryLoader/]: -Dio.netty.native.detectNativeLibraryDuplicates: true
[26Dec2025 22:52:01.479] [Server thread/DEBUG] [io.netty.util.internal.NativeLibraryLoader/]: Successfully loaded the library /tmp/libnetty_transport_native_epoll_x86_6417882402139832423791.so
[26Dec2025 22:52:01.482] [Server thread/DEBUG] [io.netty.util.NetUtil/]: -Djava.net.preferIPv4Stack: false
[26Dec2025 22:52:01.482] [Server thread/DEBUG] [io.netty.util.NetUtil/]: -Djava.net.preferIPv6Addresses: true
[26Dec2025 22:52:01.483] [Server thread/DEBUG] [io.netty.util.NetUtilInitializations/]: Loopback interface: lo (lo, 0:0:0:0:0:0:0:1%lo)
[26Dec2025 22:52:01.484] [Server thread/DEBUG] [io.netty.util.NetUtil/]: /proc/sys/net/core/somaxconn: 4096
[26Dec2025 22:52:01.498] [Server thread/DEBUG] [io.netty.channel.MultithreadEventLoopGroup/]: -Dio.netty.eventLoopThreads: 8
[26Dec2025 22:52:01.506] [Server thread/DEBUG] [io.netty.util.concurrent.GlobalEventExecutor/]: -Dio.netty.globalEventExecutor.quietPeriodSeconds: 1
[26Dec2025 22:52:01.511] [Server thread/DEBUG] [io.netty.util.internal.InternalThreadLocalMap/]: -Dio.netty.threadLocalMap.stringBuilder.initialSize: 1024
[26Dec2025 22:52:01.511] [Server thread/DEBUG] [io.netty.util.internal.InternalThreadLocalMap/]: -Dio.netty.threadLocalMap.stringBuilder.maxSize: 4096
[26Dec2025 22:52:01.517] [Server thread/DEBUG] [io.netty.util.internal.PlatformDependent/]: org.jctools-core.MpscChunkedArrayQueue: available
[26Dec2025 22:52:01.528] [Server thread/DEBUG] [io.netty.channel.DefaultChannelId/]: -Dio.netty.processId: 10249 (auto-detected)
[26Dec2025 22:52:01.529] [Server thread/DEBUG] [io.netty.channel.DefaultChannelId/]: -Dio.netty.machineId: 7c:1e:52:ff:fe:93:5e:a3 (auto-detected)
[26Dec2025 22:52:01.551] [Server thread/DEBUG] [io.netty.buffer.AdaptiveByteBufAllocator/]: -Dio.netty.allocator.useCachedMagazinesForNonEventLoopThreads: false
[26Dec2025 22:52:01.561] [Server thread/DEBUG] [io.netty.util.Recycler/]: -Dio.netty.recycler.maxCapacityPerThread: 4096
[26Dec2025 22:52:01.561] [Server thread/DEBUG] [io.netty.util.Recycler/]: -Dio.netty.recycler.ratio: 8
[26Dec2025 22:52:01.561] [Server thread/DEBUG] [io.netty.util.Recycler/]: -Dio.netty.recycler.chunkSize: 32
[26Dec2025 22:52:01.561] [Server thread/DEBUG] [io.netty.util.Recycler/]: -Dio.netty.recycler.blocking: false
[26Dec2025 22:52:01.561] [Server thread/DEBUG] [io.netty.util.Recycler/]: -Dio.netty.recycler.batchFastThreadLocalOnly: true
[26Dec2025 22:52:01.567] [Server thread/DEBUG] [io.netty.buffer.ByteBufUtil/]: -Dio.netty.allocator.type: adaptive
[26Dec2025 22:52:01.567] [Server thread/DEBUG] [io.netty.buffer.ByteBufUtil/]: -Dio.netty.threadLocalDirectBufferSize: 0
[26Dec2025 22:52:01.567] [Server thread/DEBUG] [io.netty.buffer.ByteBufUtil/]: -Dio.netty.maxThreadLocalCharBufferSize: 16384
[26Dec2025 22:52:01.569] [Server thread/DEBUG] [io.netty.bootstrap.ChannelInitializerExtensions/]: -Dio.netty.bootstrap.extensions: null
[26Dec2025 22:52:01.577] [Server thread/WARN] [net.minecraft.server.dedicated.DedicatedServer/]: **** SERVER IS RUNNING IN OFFLINE/INSECURE MODE!
[26Dec2025 22:52:01.577] [Server thread/WARN] [net.minecraft.server.dedicated.DedicatedServer/]: The server will make no attempt to authenticate usernames. Beware.
[26Dec2025 22:52:01.577] [Server thread/WARN] [net.minecraft.server.dedicated.DedicatedServer/]: While this makes the game possible to play without internet access, it also opens up the ability for hackers to connect with any username they choose.
[26Dec2025 22:52:01.578] [Server thread/WARN] [net.minecraft.server.dedicated.DedicatedServer/]: To change this, set "online-mode" to "true" in the server.properties file.
[26Dec2025 22:52:01.590] [Server thread/DEBUG] [net.minecraftforge.fml.config.ConfigTracker/CONFIG]: Loading configs type SERVER
[26Dec2025 22:52:01.591] [Server thread/DEBUG] [net.minecraftforge.fml.config.ConfigFileTypeHandler/CONFIG]: Built TOML config for ./world/serverconfig/forge-server.toml
[26Dec2025 22:52:01.591] [Server thread/DEBUG] [net.minecraftforge.fml.config.ConfigFileTypeHandler/CONFIG]: Loaded TOML config file ./world/serverconfig/forge-server.toml
[26Dec2025 22:52:01.591] [Server thread/DEBUG] [net.minecraftforge.fml.config.ConfigFileTypeHandler/CONFIG]: Starting watcher for handler: ConfigFileTypeHandler[SERVER]
[26Dec2025 22:52:01.592] [Server thread/DEBUG] [net.minecraftforge.fml.config.ConfigFileTypeHandler/CONFIG]: Watching TOML config file ./world/serverconfig/forge-server.toml for changes
[26Dec2025 22:52:01.592] [Server thread/DEBUG] [net.minecraftforge.common.ForgeConfig/FORGEMOD]: Loaded forge config file forge-server.toml
[26Dec2025 22:52:01.604] [Server thread/INFO] [net.minecraft.server.dedicated.DedicatedServer/]: Preparing level "world"
[26Dec2025 22:52:01.608] [Server thread/DEBUG] [net.minecraftforge.forge.transformers.MethodRedirector/]: Redirecting method call finalizeSpawn(Lnet/minecraft/world/level/ServerLevelAccessor;Lnet/minecraft/world/DifficultyInstance;Lnet/minecraft/world/entity/EntitySpawnReason;Lnet/minecraft/world/entity/SpawnGroupData;)Lnet/minecraft/world/entity/SpawnGroupData; to onFinalizeSpawn(Lnet/minecraft/world/entity/Mob;Lnet/minecraft/world/level/ServerLevelAccessor;Lnet/minecraft/world/DifficultyInstance;Lnet/minecraft/world/entity/EntitySpawnReason;Lnet/minecraft/world/entity/SpawnGroupData;)Lnet/minecraft/world/entity/SpawnGroupData; inside of net/minecraft/world/level/levelgen/PhantomSpawner.tick
[26Dec2025 22:52:01.609] [Server thread/DEBUG] [net.minecraftforge.forge.transformers.MethodRedirector/]: Redirecting method call finalizeSpawn(Lnet/minecraft/world/level/ServerLevelAccessor;Lnet/minecraft/world/DifficultyInstance;Lnet/minecraft/world/entity/EntitySpawnReason;Lnet/minecraft/world/entity/SpawnGroupData;)Lnet/minecraft/world/entity/SpawnGroupData; to onFinalizeSpawn(Lnet/minecraft/world/entity/Mob;Lnet/minecraft/world/level/ServerLevelAccessor;Lnet/minecraft/world/DifficultyInstance;Lnet/minecraft/world/entity/EntitySpawnReason;Lnet/minecraft/world/entity/SpawnGroupData;)Lnet/minecraft/world/entity/SpawnGroupData; inside of net/minecraft/world/level/levelgen/PatrolSpawner.spawnPatrolMember
[26Dec2025 22:52:01.609] [Server thread/DEBUG] [net.minecraftforge.forge.transformers.MethodRedirector/]: Redirecting method call finalizeSpawn(Lnet/minecraft/world/level/ServerLevelAccessor;Lnet/minecraft/world/DifficultyInstance;Lnet/minecraft/world/entity/EntitySpawnReason;Lnet/minecraft/world/entity/SpawnGroupData;)Lnet/minecraft/world/entity/SpawnGroupData; to onFinalizeSpawn(Lnet/minecraft/world/entity/Mob;Lnet/minecraft/world/level/ServerLevelAccessor;Lnet/minecraft/world/DifficultyInstance;Lnet/minecraft/world/entity/EntitySpawnReason;Lnet/minecraft/world/entity/SpawnGroupData;)Lnet/minecraft/world/entity/SpawnGroupData; inside of net/minecraft/world/entity/npc/CatSpawner.spawnCat
[26Dec2025 22:52:01.610] [Server thread/DEBUG] [net.minecraftforge.forge.transformers.MethodRedirector/]: Redirecting method call finalizeSpawn(Lnet/minecraft/world/level/ServerLevelAccessor;Lnet/minecraft/world/DifficultyInstance;Lnet/minecraft/world/entity/EntitySpawnReason;Lnet/minecraft/world/entity/SpawnGroupData;)Lnet/minecraft/world/entity/SpawnGroupData; to onFinalizeSpawn(Lnet/minecraft/world/entity/Mob;Lnet/minecraft/world/level/ServerLevelAccessor;Lnet/minecraft/world/DifficultyInstance;Lnet/minecraft/world/entity/EntitySpawnReason;Lnet/minecraft/world/entity/SpawnGroupData;)Lnet/minecraft/world/entity/SpawnGroupData; inside of net/minecraft/world/entity/ai/village/VillageSiege.trySpawn
[26Dec2025 22:52:01.855] [Server thread/DEBUG] [net.minecraftforge.forge.transformers.MethodRedirector/]: Redirecting method call finalizeSpawn(Lnet/minecraft/world/level/ServerLevelAccessor;Lnet/minecraft/world/DifficultyInstance;Lnet/minecraft/world/entity/EntitySpawnReason;Lnet/minecraft/world/entity/SpawnGroupData;)Lnet/minecraft/world/entity/SpawnGroupData; to onFinalizeSpawn(Lnet/minecraft/world/entity/Mob;Lnet/minecraft/world/level/ServerLevelAccessor;Lnet/minecraft/world/DifficultyInstance;Lnet/minecraft/world/entity/EntitySpawnReason;Lnet/minecraft/world/entity/SpawnGroupData;)Lnet/minecraft/world/entity/SpawnGroupData; inside of net/minecraft/world/entity/raid/Raid.joinRaid
[26Dec2025 22:52:02.020] [Server thread/INFO] [net.minecraft.server.level.progress.LoggingLevelLoadListener/]: Loading 0 persistent chunks...
[26Dec2025 22:52:02.021] [Server thread/INFO] [net.minecraft.server.level.progress.LoggingLevelLoadListener/]: Preparing spawn area: 100%
[26Dec2025 22:52:02.033] [Server thread/INFO] [net.minecraft.server.level.progress.LoggingLevelLoadListener/]: Time elapsed: 14 ms
[26Dec2025 22:52:02.034] [Server thread/INFO] [net.minecraft.server.dedicated.DedicatedServer/]: Done (0.444s)! For help, type "help"
[26Dec2025 22:52:02.046] [Server thread/DEBUG] [net.minecraftforge.network.DualStackUtils/]: Detected IPv6 address: "0:0:0:0:0:0:0:0"
[26Dec2025 22:52:02.095] [pool-5-thread-1/DEBUG] [net.minecraftforge.fml.config.ConfigFileTypeHandler/CONFIG]: Config file forge-server.toml changed, sending notifies
[26Dec2025 22:52:02.096] [pool-5-thread-1/DEBUG] [net.minecraftforge.common.ForgeConfig/FORGEMOD]: Forge config just got changed on the file system!
[26Dec2025 22:52:02.097] [Server thread/DEBUG] [net.minecraftforge.common.ForgeI18n/CORE]: Loading I18N data entries: 7980
[26Dec2025 22:52:02.101] [Server thread/INFO] [net.minecraftforge.server.permission.PermissionAPI/]: Successfully initialized permission handler forge:default_handler
[26Dec2025 22:52:02.141] [Server thread/DEBUG] [io.netty.buffer.AbstractByteBuf/]: -Dio.netty.buffer.checkAccessible: true
[26Dec2025 22:52:02.141] [Server thread/DEBUG] [io.netty.buffer.AbstractByteBuf/]: -Dio.netty.buffer.checkBounds: true
[26Dec2025 22:52:02.141] [Server thread/DEBUG] [io.netty.util.ResourceLeakDetectorFactory/]: Loaded default ResourceLeakDetector: io.netty.util.ResourceLeakDetector@3dc80e09
[26Dec2025 22:52:02.167] [Server thread/DEBUG] [net.minecraftforge.forge.transformers.MethodRedirector/]: Redirecting method call finalizeSpawn(Lnet/minecraft/world/level/ServerLevelAccessor;Lnet/minecraft/world/DifficultyInstance;Lnet/minecraft/world/entity/EntitySpawnReason;Lnet/minecraft/world/entity/SpawnGroupData;)Lnet/minecraft/world/entity/SpawnGroupData; to onFinalizeSpawn(Lnet/minecraft/world/entity/Mob;Lnet/minecraft/world/level/ServerLevelAccessor;Lnet/minecraft/world/DifficultyInstance;Lnet/minecraft/world/entity/EntitySpawnReason;Lnet/minecraft/world/entity/SpawnGroupData;)Lnet/minecraft/world/entity/SpawnGroupData; inside of net/minecraft/world/level/NaturalSpawner.spawnCategoryForPosition
[26Dec2025 22:52:02.169] [Server thread/DEBUG] [net.minecraftforge.forge.transformers.MethodRedirector/]: Redirecting method call finalizeSpawn(Lnet/minecraft/world/level/ServerLevelAccessor;Lnet/minecraft/world/DifficultyInstance;Lnet/minecraft/world/entity/EntitySpawnReason;Lnet/minecraft/world/entity/SpawnGroupData;)Lnet/minecraft/world/entity/SpawnGroupData; to onFinalizeSpawn(Lnet/minecraft/world/entity/Mob;Lnet/minecraft/world/level/ServerLevelAccessor;Lnet/minecraft/world/DifficultyInstance;Lnet/minecraft/world/entity/EntitySpawnReason;Lnet/minecraft/world/entity/SpawnGroupData;)Lnet/minecraft/world/entity/SpawnGroupData; inside of net/minecraft/world/level/NaturalSpawner.spawnMobsForChunkGeneration
[26Dec2025 22:53:02.056] [Server thread/INFO] [net.minecraft.server.MinecraftServer/]: Server empty for 60 seconds, pausing
[26Dec2025 22:53:02.071] [Server thread/DEBUG] [net.minecraftforge.common.ForgeHooks/WP]: Gathering id map for writing to world save world
[26Dec2025 22:53:02.081] [Server thread/DEBUG] [net.minecraftforge.common.ForgeHooks/WP]: ID Map collection complete world
[26Dec2025 22:53:53.713] [Netty Epoll Server IO #2/DEBUG] [net.minecraftforge.network.NetworkRegistry/NETREGISTRY]: Channel 'forge:handshake' : Vanilla acceptance test: ACCEPTED
[26Dec2025 22:53:53.713] [Netty Epoll Server IO #2/DEBUG] [net.minecraftforge.network.NetworkRegistry/NETREGISTRY]: Channel 'forge:login' : Vanilla acceptance test: ACCEPTED
[26Dec2025 22:53:53.713] [Netty Epoll Server IO #2/DEBUG] [net.minecraftforge.network.NetworkRegistry/NETREGISTRY]: Channel 'forge:channel_registration' : Vanilla acceptance test: ACCEPTED
[26Dec2025 22:53:53.713] [Netty Epoll Server IO #2/DEBUG] [net.minecraftforge.network.NetworkRegistry/NETREGISTRY]: Accepting channel list from vanilla
[26Dec2025 22:53:53.717] [Netty Epoll Server IO #2/DEBUG] [net.minecraftforge.network.filters.NetworkFilters/]: Injected net.minecraftforge.network.filters.VanillaConnectionNetworkFilter@5381eb6f into net.minecraft.network.Connection@19d49d37
[26Dec2025 22:53:55.438] [Server thread/DEBUG] [net.minecraftforge.forge.transformers.MethodRedirector/]: Redirecting method call finalizeSpawn(Lnet/minecraft/world/level/ServerLevelAccessor;Lnet/minecraft/world/DifficultyInstance;Lnet/minecraft/world/entity/EntitySpawnReason;Lnet/minecraft/world/entity/SpawnGroupData;)Lnet/minecraft/world/entity/SpawnGroupData; to onFinalizeSpawn(Lnet/minecraft/world/entity/Mob;Lnet/minecraft/world/level/ServerLevelAccessor;Lnet/minecraft/world/DifficultyInstance;Lnet/minecraft/world/entity/EntitySpawnReason;Lnet/minecraft/world/entity/SpawnGroupData;)Lnet/minecraft/world/entity/SpawnGroupData; inside of net/minecraft/world/level/levelgen/structure/templatesystem/StructureTemplate.lambda$placeEntities$5
[26Dec2025 22:53:57.677] [Server thread/INFO] [net.minecraft.server.players.PlayerList/]: Wimiloz[/127.16.244.223:36277] logged in with entity id 135 at (-543.44712443071, 64.0, 4589.302656699108)
[26Dec2025 22:53:57.699] [Server thread/INFO] [net.minecraft.server.MinecraftServer/]: Wimiloz joined the game
[26Dec2025 22:54:02.595] [Server thread/DEBUG] [net.minecraftforge.forge.transformers.MethodRedirector/]: Redirecting method call finalizeSpawn(Lnet/minecraft/world/level/ServerLevelAccessor;Lnet/minecraft/world/DifficultyInstance;Lnet/minecraft/world/entity/EntitySpawnReason;Lnet/minecraft/world/entity/SpawnGroupData;)Lnet/minecraft/world/entity/SpawnGroupData; to onFinalizeSpawn(Lnet/minecraft/world/entity/Mob;Lnet/minecraft/world/level/ServerLevelAccessor;Lnet/minecraft/world/DifficultyInstance;Lnet/minecraft/world/entity/EntitySpawnReason;Lnet/minecraft/world/entity/SpawnGroupData;)Lnet/minecraft/world/entity/SpawnGroupData; inside of net/minecraft/world/level/block/entity/trialspawner/TrialSpawner.spawnMob
[26Dec2025 22:54:23.663] [Server thread/WARN] [net.minecraft.server.network.ServerGamePacketListenerImpl/]: Wimiloz moved too quickly! -0.04493937822871885,-1.0179677395850248,10.012209567593345
[26Dec2025 22:55:09.068] [Server thread/INFO] [net.minecraft.server.network.ServerGamePacketListenerImpl/]: Wimiloz lost connection: Disconnected
[26Dec2025 22:55:09.070] [Server thread/INFO] [net.minecraft.server.MinecraftServer/]: Wimiloz left the game
[26Dec2025 22:55:23.588] [Netty Epoll Server IO #3/DEBUG] [net.minecraftforge.network.NetworkRegistry/NETREGISTRY]: Channel 'forge:handshake' : Vanilla acceptance test: ACCEPTED
[26Dec2025 22:55:23.588] [Netty Epoll Server IO #3/DEBUG] [net.minecraftforge.network.NetworkRegistry/NETREGISTRY]: Channel 'forge:login' : Vanilla acceptance test: ACCEPTED
[26Dec2025 22:55:23.588] [Netty Epoll Server IO #3/DEBUG] [net.minecraftforge.network.NetworkRegistry/NETREGISTRY]: Channel 'forge:channel_registration' : Vanilla acceptance test: ACCEPTED
[26Dec2025 22:55:23.588] [Netty Epoll Server IO #3/DEBUG] [net.minecraftforge.network.NetworkRegistry/NETREGISTRY]: Accepting channel list from vanilla
[26Dec2025 22:55:23.589] [Netty Epoll Server IO #3/DEBUG] [net.minecraftforge.network.filters.NetworkFilters/]: Injected net.minecraftforge.network.filters.VanillaConnectionNetworkFilter@4a1828c3 into net.minecraft.network.Connection@4e27b558
[26Dec2025 22:55:24.850] [Server thread/INFO] [net.minecraft.server.players.PlayerList/]: Wimiloz[/127.16.244.223:39819] logged in with entity id 823 at (-501.0785614880528, 63.0, 4617.79568137458)
[26Dec2025 22:55:24.853] [Server thread/INFO] [net.minecraft.server.MinecraftServer/]: Wimiloz joined the game
[26Dec2025 22:55:33.728] [Netty Epoll Server IO #5/DEBUG] [net.minecraftforge.network.NetworkRegistry/NETREGISTRY]: Channel 'forge:handshake' : Vanilla acceptance test: ACCEPTED
[26Dec2025 22:55:33.728] [Netty Epoll Server IO #5/DEBUG] [net.minecraftforge.network.NetworkRegistry/NETREGISTRY]: Channel 'forge:login' : Vanilla acceptance test: ACCEPTED
[26Dec2025 22:55:33.728] [Netty Epoll Server IO #5/DEBUG] [net.minecraftforge.network.NetworkRegistry/NETREGISTRY]: Channel 'forge:channel_registration' : Vanilla acceptance test: ACCEPTED
[26Dec2025 22:55:33.728] [Netty Epoll Server IO #5/DEBUG] [net.minecraftforge.network.NetworkRegistry/NETREGISTRY]: Accepting channel list from vanilla
[26Dec2025 22:55:33.728] [Netty Epoll Server IO #5/DEBUG] [net.minecraftforge.network.filters.NetworkFilters/]: Injected net.minecraftforge.network.filters.VanillaConnectionNetworkFilter@321f9d0b into net.minecraft.network.Connection@36201f90
[26Dec2025 22:55:35.333] [Server thread/INFO] [net.minecraft.server.players.PlayerList/]: nachx2321[/127.50.145.246:38097] logged in with entity id 1051 at (-515.8575541208586, 68.0, 4574.099872895054)
[26Dec2025 22:55:35.336] [Server thread/INFO] [net.minecraft.server.MinecraftServer/]: nachx2321 joined the game
[26Dec2025 22:58:57.393] [Server thread/DEBUG] [net.minecraftforge.common.ForgeHooks/WP]: Gathering id map for writing to world save world
[26Dec2025 22:58:57.446] [Server thread/DEBUG] [net.minecraftforge.common.ForgeHooks/WP]: ID Map collection complete world
[26Dec2025 22:59:06.567] [Server thread/INFO] [net.minecraft.server.network.ServerGamePacketListenerImpl/]: Wimiloz lost connection: Disconnected
[26Dec2025 22:59:06.571] [Server thread/INFO] [net.minecraft.server.MinecraftServer/]: Wimiloz left the game
[26Dec2025 22:59:12.919] [Server thread/INFO] [net.minecraft.server.network.ServerGamePacketListenerImpl/]: nachx2321 lost connection: Disconnected
[26Dec2025 22:59:12.920] [Server thread/INFO] [net.minecraft.server.MinecraftServer/]: nachx2321 left the game
[26Dec2025 23:00:12.906] [Server thread/INFO] [net.minecraft.server.MinecraftServer/]: Server empty for 60 seconds, pausing
[26Dec2025 23:00:12.911] [Server thread/DEBUG] [net.minecraftforge.common.ForgeHooks/WP]: Gathering id map for writing to world save world
[26Dec2025 23:00:12.928] [Server thread/DEBUG] [net.minecraftforge.common.ForgeHooks/WP]: ID Map collection complete world
[27Dec2025 00:03:28.072] [Netty Epoll Server IO #0/DEBUG] [net.minecraftforge.network.NetworkRegistry/NETREGISTRY]: Channel 'forge:handshake' : Vanilla acceptance test: ACCEPTED
[27Dec2025 00:03:28.073] [Netty Epoll Server IO #0/DEBUG] [net.minecraftforge.network.NetworkRegistry/NETREGISTRY]: Channel 'forge:login' : Vanilla acceptance test: ACCEPTED
[27Dec2025 00:03:28.073] [Netty Epoll Server IO #0/DEBUG] [net.minecraftforge.network.NetworkRegistry/NETREGISTRY]: Channel 'forge:channel_registration' : Vanilla acceptance test: ACCEPTED
[27Dec2025 00:03:28.073] [Netty Epoll Server IO #0/DEBUG] [net.minecraftforge.network.NetworkRegistry/NETREGISTRY]: Accepting channel list from vanilla
[27Dec2025 00:03:28.073] [Netty Epoll Server IO #0/DEBUG] [net.minecraftforge.network.filters.NetworkFilters/]: Injected net.minecraftforge.network.filters.VanillaConnectionNetworkFilter@3a3dd46f into net.minecraft.network.Connection@33b03b35
[27Dec2025 00:03:29.348] [Server thread/INFO] [net.minecraft.server.players.PlayerList/]: Wimiloz[/127.16.244.223:33271] logged in with entity id 2372 at (-498.8088602233603, 68.1212968405392, 4561.556137035311)
[27Dec2025 00:03:29.359] [Server thread/INFO] [net.minecraft.server.MinecraftServer/]: Wimiloz joined the game
[27Dec2025 00:08:29.279] [Server thread/DEBUG] [net.minecraftforge.common.ForgeHooks/WP]: Gathering id map for writing to world save world
[27Dec2025 00:08:29.339] [Server thread/DEBUG] [net.minecraftforge.common.ForgeHooks/WP]: ID Map collection complete world
[27Dec2025 00:13:29.287] [Server thread/DEBUG] [net.minecraftforge.common.ForgeHooks/WP]: Gathering id map for writing to world save world
[27Dec2025 00:13:29.331] [Server thread/DEBUG] [net.minecraftforge.common.ForgeHooks/WP]: ID Map collection complete world
[27Dec2025 00:16:29.057] [Server thread/WARN] [net.minecraft.server.level.ServerPlayerGameMode/]: Mismatch in destroy block pos: BlockPos{x=-524, y=62, z=4594} BlockPos{x=-521, y=63, z=4594}
[27Dec2025 00:18:02.860] [Netty Epoll Server IO #2/DEBUG] [net.minecraftforge.network.NetworkRegistry/NETREGISTRY]: Channel 'forge:handshake' : Vanilla acceptance test: ACCEPTED
[27Dec2025 00:18:02.863] [Netty Epoll Server IO #2/DEBUG] [net.minecraftforge.network.NetworkRegistry/NETREGISTRY]: Channel 'forge:login' : Vanilla acceptance test: ACCEPTED
[27Dec2025 00:18:02.863] [Netty Epoll Server IO #2/DEBUG] [net.minecraftforge.network.NetworkRegistry/NETREGISTRY]: Channel 'forge:channel_registration' : Vanilla acceptance test: ACCEPTED
[27Dec2025 00:18:02.863] [Netty Epoll Server IO #2/DEBUG] [net.minecraftforge.network.NetworkRegistry/NETREGISTRY]: Accepting channel list from vanilla
[27Dec2025 00:18:02.863] [Netty Epoll Server IO #2/DEBUG] [net.minecraftforge.network.filters.NetworkFilters/]: Injected net.minecraftforge.network.filters.VanillaConnectionNetworkFilter@665d7656 into net.minecraft.network.Connection@31128e40
[27Dec2025 00:18:05.779] [Server thread/INFO] [net.minecraft.server.players.PlayerList/]: Mathi_VM[/127.45.178.132:39797] logged in with entity id 7049 at (-845.0800898338575, 63.0, 4803.676681436694)
[27Dec2025 00:18:05.789] [Server thread/INFO] [net.minecraft.server.MinecraftServer/]: Mathi_VM joined the game
[27Dec2025 00:18:29.299] [Server thread/DEBUG] [net.minecraftforge.common.ForgeHooks/WP]: Gathering id map for writing to world save world
[27Dec2025 00:18:29.306] [Server thread/DEBUG] [net.minecraftforge.common.ForgeHooks/WP]: ID Map collection complete world
[27Dec2025 00:18:36.545] [Server thread/INFO] [net.minecraft.server.MinecraftServer/]: [Not Secure] <Wimiloz> eu
[27Dec2025 00:18:39.075] [Server thread/INFO] [net.minecraft.server.MinecraftServer/]: [Not Secure] <Wimiloz> dodne estás?
[27Dec2025 00:18:48.371] [Server thread/INFO] [net.minecraft.server.MinecraftServer/]: [Not Secure] <Mathi_VM> en una jungla
[27Dec2025 00:19:03.426] [Server thread/INFO] [net.minecraft.server.MinecraftServer/]: [Not Secure] <Wimiloz> hay que hacer una granja de hierro
[27Dec2025 00:19:11.397] [Server thread/INFO] [net.minecraft.server.MinecraftServer/]: [Not Secure] <Mathi_VM> yes
[27Dec2025 00:19:18.543] [Server thread/INFO] [net.minecraft.server.MinecraftServer/]: [Not Secure] <Mathi_VM> yo tengo las tolvas
[27Dec2025 00:19:21.988] [Server thread/INFO] [net.minecraft.server.MinecraftServer/]: [Not Secure] <Wimiloz> good
[27Dec2025 00:19:34.533] [Server thread/INFO] [net.minecraft.server.MinecraftServer/]: [Not Secure] <Wimiloz> metete al dc
[27Dec2025 00:19:43.748] [Server thread/INFO] [net.minecraft.server.MinecraftServer/]: [Not Secure] <Mathi_VM> hay me mto
[27Dec2025 00:20:43.772] [Server thread/INFO] [net.minecraft.server.network.ServerGamePacketListenerImpl/]: Mathi_VM lost connection: Disconnected
[27Dec2025 00:20:43.774] [Server thread/INFO] [net.minecraft.server.MinecraftServer/]: Mathi_VM left the game
[27Dec2025 00:23:29.247] [Server thread/DEBUG] [net.minecraftforge.common.ForgeHooks/WP]: Gathering id map for writing to world save world
[27Dec2025 00:23:29.254] [Server thread/DEBUG] [net.minecraftforge.common.ForgeHooks/WP]: ID Map collection complete world
[27Dec2025 00:26:33.374] [Netty Epoll Server IO #4/DEBUG] [net.minecraftforge.network.NetworkRegistry/NETREGISTRY]: Channel 'forge:handshake' : Vanilla acceptance test: ACCEPTED
[27Dec2025 00:26:33.375] [Netty Epoll Server IO #4/DEBUG] [net.minecraftforge.network.NetworkRegistry/NETREGISTRY]: Channel 'forge:login' : Vanilla acceptance test: ACCEPTED
[27Dec2025 00:26:33.375] [Netty Epoll Server IO #4/DEBUG] [net.minecraftforge.network.NetworkRegistry/NETREGISTRY]: Channel 'forge:channel_registration' : Vanilla acceptance test: ACCEPTED
[27Dec2025 00:26:33.375] [Netty Epoll Server IO #4/DEBUG] [net.minecraftforge.network.NetworkRegistry/NETREGISTRY]: Accepting channel list from vanilla
[27Dec2025 00:26:33.376] [Netty Epoll Server IO #4/DEBUG] [net.minecraftforge.network.filters.NetworkFilters/]: Injected net.minecraftforge.network.filters.VanillaConnectionNetworkFilter@55976aa7 into net.minecraft.network.Connection@1095fe71
[27Dec2025 00:26:35.237] [Server thread/INFO] [net.minecraft.server.players.PlayerList/]: Mathi_VM[/127.45.178.132:57861] logged in with entity id 10741 at (-803.0166444786526, 91.0, 4828.357837132537)
[27Dec2025 00:26:35.241] [Server thread/INFO] [net.minecraft.server.MinecraftServer/]: Mathi_VM joined the game
[27Dec2025 00:26:44.384] [Server thread/INFO] [net.minecraft.server.MinecraftServer/]: [Not Secure] <Wimiloz> dale mathisito
[27Dec2025 00:26:47.571] [Server thread/INFO] [net.minecraft.server.MinecraftServer/]: [Not Secure] <Wimiloz> dc
[27Dec2025 00:27:46.565] [Server thread/INFO] [net.minecraft.server.network.ServerGamePacketListenerImpl/]: Mathi_VM lost connection: Disconnected
[27Dec2025 00:27:46.567] [Server thread/INFO] [net.minecraft.server.MinecraftServer/]: Mathi_VM left the game
[27Dec2025 00:27:59.275] [Server thread/INFO] [net.minecraft.server.network.ServerGamePacketListenerImpl/]: Wimiloz lost connection: Disconnected
[27Dec2025 00:27:59.276] [Server thread/INFO] [net.minecraft.server.MinecraftServer/]: Wimiloz left the game
[27Dec2025 00:27:59.723] [Netty Epoll Server IO #6/DEBUG] [net.minecraftforge.network.NetworkRegistry/NETREGISTRY]: Channel 'forge:handshake' : Vanilla acceptance test: ACCEPTED
[27Dec2025 00:27:59.723] [Netty Epoll Server IO #6/DEBUG] [net.minecraftforge.network.NetworkRegistry/NETREGISTRY]: Channel 'forge:login' : Vanilla acceptance test: ACCEPTED
[27Dec2025 00:27:59.724] [Netty Epoll Server IO #6/DEBUG] [net.minecraftforge.network.NetworkRegistry/NETREGISTRY]: Channel 'forge:channel_registration' : Vanilla acceptance test: ACCEPTED
[27Dec2025 00:27:59.724] [Netty Epoll Server IO #6/DEBUG] [net.minecraftforge.network.NetworkRegistry/NETREGISTRY]: Accepting channel list from vanilla
[27Dec2025 00:27:59.724] [Netty Epoll Server IO #6/DEBUG] [net.minecraftforge.network.filters.NetworkFilters/]: Injected net.minecraftforge.network.filters.VanillaConnectionNetworkFilter@8c98e09 into net.minecraft.network.Connection@4dcb0174
[27Dec2025 00:28:01.515] [Server thread/INFO] [net.minecraft.server.players.PlayerList/]: Mathi_VM[/127.45.178.132:52051] logged in with entity id 11592 at (-803.8878781438375, 90.0, 4829.080089395483)
[27Dec2025 00:28:01.527] [Server thread/INFO] [net.minecraft.server.MinecraftServer/]: Mathi_VM joined the game
[27Dec2025 00:28:07.009] [Server thread/WARN] [net.minecraft.server.level.ServerPlayerGameMode/]: Mismatch in destroy block pos: BlockPos{x=-805, y=89, z=4828} BlockPos{x=-806, y=86, z=4828}
[27Dec2025 00:28:08.672] [Netty Epoll Server IO #1/DEBUG] [net.minecraftforge.network.NetworkRegistry/NETREGISTRY]: Channel 'forge:handshake' : Vanilla acceptance test: ACCEPTED
[27Dec2025 00:28:08.672] [Netty Epoll Server IO #1/DEBUG] [net.minecraftforge.network.NetworkRegistry/NETREGISTRY]: Channel 'forge:login' : Vanilla acceptance test: ACCEPTED
[27Dec2025 00:28:08.672] [Netty Epoll Server IO #1/DEBUG] [net.minecraftforge.network.NetworkRegistry/NETREGISTRY]: Channel 'forge:channel_registration' : Vanilla acceptance test: ACCEPTED
[27Dec2025 00:28:08.672] [Netty Epoll Server IO #1/DEBUG] [net.minecraftforge.network.NetworkRegistry/NETREGISTRY]: Accepting channel list from vanilla
[27Dec2025 00:28:08.673] [Netty Epoll Server IO #1/DEBUG] [net.minecraftforge.network.filters.NetworkFilters/]: Injected net.minecraftforge.network.filters.VanillaConnectionNetworkFilter@a989fd8 into net.minecraft.network.Connection@4c520aac
[27Dec2025 00:28:09.850] [Server thread/INFO] [net.minecraft.server.players.PlayerList/]: Wimiloz[/127.16.244.223:57513] logged in with entity id 11877 at (-744.39530129072, 70.0, 4745.821823604972)
[27Dec2025 00:28:09.853] [Server thread/INFO] [net.minecraft.server.MinecraftServer/]: Wimiloz joined the game
[27Dec2025 00:28:29.265] [Server thread/DEBUG] [net.minecraftforge.common.ForgeHooks/WP]: Gathering id map for writing to world save world
[27Dec2025 00:28:29.274] [Server thread/DEBUG] [net.minecraftforge.common.ForgeHooks/WP]: ID Map collection complete world
[27Dec2025 00:28:43.207] [Server thread/WARN] [net.minecraft.server.level.ServerPlayerGameMode/]: Mismatch in destroy block pos: BlockPos{x=-805, y=81, z=4828} BlockPos{x=-806, y=78, z=4828}
[27Dec2025 00:28:58.566] [Server thread/INFO] [net.minecraft.server.network.ServerGamePacketListenerImpl/]: Mathi_VM lost connection: Disconnected
[27Dec2025 00:28:58.566] [Server thread/INFO] [net.minecraft.server.MinecraftServer/]: Mathi_VM left the game
[27Dec2025 00:33:25.416] [Server thread/INFO] [net.minecraft.server.network.ServerGamePacketListenerImpl/]: Wimiloz lost connection: Disconnected
[27Dec2025 00:33:25.418] [Server thread/INFO] [net.minecraft.server.MinecraftServer/]: Wimiloz left the game
[27Dec2025 00:33:25.459] [Server thread/WARN] [net.minecraft.network.Connection/]: handleDisconnection() called twice
[27Dec2025 00:33:29.209] [Server thread/DEBUG] [net.minecraftforge.common.ForgeHooks/WP]: Gathering id map for writing to world save world
[27Dec2025 00:33:29.213] [Server thread/DEBUG] [net.minecraftforge.common.ForgeHooks/WP]: ID Map collection complete world
[27Dec2025 00:34:25.406] [Server thread/INFO] [net.minecraft.server.MinecraftServer/]: Server empty for 60 seconds, pausing
[27Dec2025 00:34:25.408] [Server thread/DEBUG] [net.minecraftforge.common.ForgeHooks/WP]: Gathering id map for writing to world save world
[27Dec2025 00:34:25.413] [Server thread/DEBUG] [net.minecraftforge.common.ForgeHooks/WP]: ID Map collection complete world
[27Dec2025 00:35:08.716] [Server thread/INFO] [net.minecraft.server.MinecraftServer/]: [Not Secure] [Server] semen
[27Dec2025 01:18:52.506] [Netty Epoll Server IO #5/DEBUG] [net.minecraftforge.network.NetworkRegistry/NETREGISTRY]: Channel 'forge:handshake' : Vanilla acceptance test: ACCEPTED
[27Dec2025 01:18:52.506] [Netty Epoll Server IO #5/DEBUG] [net.minecraftforge.network.NetworkRegistry/NETREGISTRY]: Channel 'forge:login' : Vanilla acceptance test: ACCEPTED
[27Dec2025 01:18:52.506] [Netty Epoll Server IO #5/DEBUG] [net.minecraftforge.network.NetworkRegistry/NETREGISTRY]: Channel 'forge:channel_registration' : Vanilla acceptance test: ACCEPTED
[27Dec2025 01:18:52.506] [Netty Epoll Server IO #5/DEBUG] [net.minecraftforge.network.NetworkRegistry/NETREGISTRY]: Accepting channel list from vanilla
[27Dec2025 01:18:52.506] [Netty Epoll Server IO #5/DEBUG] [net.minecraftforge.network.filters.NetworkFilters/]: Injected net.minecraftforge.network.filters.VanillaConnectionNetworkFilter@a7bafd0 into net.minecraft.network.Connection@6b1193e1
[27Dec2025 01:18:53.579] [Server thread/INFO] [net.minecraft.server.players.PlayerList/]: Mathi_VM[/127.45.178.132:35429] logged in with entity id 13127 at (-804.2693694776959, 79.0, 4829.1766113428375)
[27Dec2025 01:18:53.583] [Server thread/INFO] [net.minecraft.server.MinecraftServer/]: Mathi_VM joined the game
[27Dec2025 01:19:59.462] [Server thread/INFO] [net.minecraft.server.network.ServerGamePacketListenerImpl/]: Mathi_VM lost connection: Disconnected
[27Dec2025 01:19:59.464] [Server thread/INFO] [net.minecraft.server.MinecraftServer/]: Mathi_VM left the game
[27Dec2025 01:20:59.456] [Server thread/INFO] [net.minecraft.server.MinecraftServer/]: Server empty for 60 seconds, pausing
[27Dec2025 01:20:59.461] [Server thread/DEBUG] [net.minecraftforge.common.ForgeHooks/WP]: Gathering id map for writing to world save world
[27Dec2025 01:20:59.467] [Server thread/DEBUG] [net.minecraftforge.common.ForgeHooks/WP]: ID Map collection complete world
